inst#,actual,predicted,error,prediction,Resistant?
1,1:?,02:00,,0.945,Non-Resistant
2,1:?,02:00,,0.945,Non-Resistant
3,1:?,02:00,,0.945,Non-Resistant
4,1:?,01:01,,0.9,Resistant
5,1:?,02:00,,0.945,Non-Resistant
6,1:?,02:00,,0.945,Non-Resistant
7,1:?,02:00,,0.945,Non-Resistant
8,1:?,01:01,,0.9,Resistant
9,1:?,02:00,,0.945,Non-Resistant
10,1:?,02:00,,0.945,Non-Resistant
11,1:?,02:00,,0.945,Non-Resistant
12,1:?,02:00,,0.945,Non-Resistant
13,1:?,02:00,,0.945,Non-Resistant
14,1:?,01:01,,0.9,Resistant
15,1:?,02:00,,0.945,Non-Resistant
16,1:?,01:01,,0.9,Resistant
17,1:?,02:00,,0.945,Non-Resistant
18,1:?,01:01,,0.9,Resistant
19,1:?,02:00,,0.945,Non-Resistant
20,1:?,02:00,,0.945,Non-Resistant
21,1:?,01:01,,0.9,Resistant
22,1:?,02:00,,0.945,Non-Resistant
23,1:?,02:00,,0.945,Non-Resistant
24,1:?,02:00,,0.945,Non-Resistant
25,1:?,02:00,,0.945,Non-Resistant
26,1:?,02:00,,0.945,Non-Resistant
27,1:?,01:01,,0.9,Resistant
28,1:?,01:01,,0.9,Resistant
29,1:?,01:01,,0.9,Resistant
30,1:?,02:00,,0.945,Non-Resistant
31,1:?,02:00,,0.945,Non-Resistant
32,1:?,01:01,,0.9,Resistant
33,1:?,02:00,,0.945,Non-Resistant
34,1:?,02:00,,0.945,Non-Resistant
35,1:?,02:00,,0.945,Non-Resistant
36,1:?,02:00,,0.945,Non-Resistant
37,1:?,02:00,,0.945,Non-Resistant
38,1:?,02:00,,0.945,Non-Resistant
39,1:?,01:01,,0.9,Resistant
40,1:?,02:00,,0.945,Non-Resistant
41,1:?,02:00,,0.945,Non-Resistant
42,1:?,01:01,,0.9,Resistant
43,1:?,02:00,,0.945,Non-Resistant
44,1:?,02:00,,0.945,Non-Resistant
45,1:?,02:00,,0.945,Non-Resistant
46,1:?,01:01,,0.9,Resistant
47,1:?,02:00,,0.945,Non-Resistant
48,1:?,02:00,,0.945,Non-Resistant
49,1:?,02:00,,0.945,Non-Resistant
50,1:?,02:00,,0.945,Non-Resistant
51,1:?,02:00,,0.945,Non-Resistant
52,1:?,02:00,,0.945,Non-Resistant
53,1:?,02:00,,0.945,Non-Resistant
54,1:?,01:01,,0.9,Resistant
55,1:?,02:00,,0.945,Non-Resistant
56,1:?,01:01,,0.9,Resistant
57,1:?,02:00,,0.945,Non-Resistant
58,1:?,01:01,,0.9,Resistant
59,1:?,02:00,,0.945,Non-Resistant
60,1:?,02:00,,0.945,Non-Resistant
61,1:?,02:00,,0.945,Non-Resistant
62,1:?,02:00,,0.945,Non-Resistant
63,1:?,02:00,,0.945,Non-Resistant
64,1:?,02:00,,0.945,Non-Resistant
65,1:?,01:01,,0.9,Resistant
66,1:?,02:00,,0.945,Non-Resistant
67,1:?,02:00,,0.945,Non-Resistant
68,1:?,02:00,,0.945,Non-Resistant
69,1:?,02:00,,0.945,Non-Resistant
70,1:?,02:00,,0.945,Non-Resistant
71,1:?,02:00,,0.945,Non-Resistant
72,1:?,02:00,,0.945,Non-Resistant
73,1:?,02:00,,0.945,Non-Resistant
74,1:?,02:00,,0.945,Non-Resistant
75,1:?,02:00,,0.945,Non-Resistant
76,1:?,02:00,,0.945,Non-Resistant
77,1:?,02:00,,0.945,Non-Resistant
78,1:?,01:01,,0.9,Resistant
79,1:?,01:01,,0.9,Resistant
80,1:?,02:00,,0.945,Non-Resistant
81,1:?,02:00,,0.945,Non-Resistant
82,1:?,02:00,,0.945,Non-Resistant
83,1:?,01:01,,0.9,Resistant
84,1:?,01:01,,0.9,Resistant
85,1:?,02:00,,0.945,Non-Resistant
86,1:?,01:01,,0.9,Resistant
87,1:?,02:00,,0.945,Non-Resistant
88,1:?,01:01,,0.9,Resistant
89,1:?,02:00,,0.945,Non-Resistant
90,1:?,01:01,,0.9,Resistant
91,1:?,01:01,,0.9,Resistant
92,1:?,01:01,,0.9,Resistant
93,1:?,02:00,,0.945,Non-Resistant
94,1:?,02:00,,0.945,Non-Resistant
95,1:?,02:00,,0.945,Non-Resistant
96,1:?,02:00,,0.945,Non-Resistant
97,1:?,02:00,,0.945,Non-Resistant
98,1:?,02:00,,0.945,Non-Resistant
99,1:?,02:00,,0.945,Non-Resistant
100,1:?,02:00,,0.945,Non-Resistant
101,1:?,01:01,,0.9,Resistant
102,1:?,02:00,,0.945,Non-Resistant
103,1:?,02:00,,0.945,Non-Resistant
104,1:?,02:00,,0.945,Non-Resistant
105,1:?,02:00,,0.945,Non-Resistant
106,1:?,02:00,,0.945,Non-Resistant
107,1:?,02:00,,0.945,Non-Resistant
108,1:?,02:00,,0.945,Non-Resistant
109,1:?,01:01,,0.9,Resistant
110,1:?,02:00,,0.945,Non-Resistant
111,1:?,02:00,,0.945,Non-Resistant
112,1:?,02:00,,0.945,Non-Resistant
113,1:?,02:00,,0.945,Non-Resistant
114,1:?,02:00,,0.945,Non-Resistant
115,1:?,02:00,,0.945,Non-Resistant
116,1:?,02:00,,0.945,Non-Resistant
117,1:?,02:00,,0.945,Non-Resistant
118,1:?,02:00,,0.945,Non-Resistant
119,1:?,02:00,,0.945,Non-Resistant
120,1:?,01:01,,0.9,Resistant
121,1:?,02:00,,0.945,Non-Resistant
122,1:?,02:00,,0.945,Non-Resistant
123,1:?,02:00,,0.945,Non-Resistant
124,1:?,02:00,,0.945,Non-Resistant
125,1:?,01:01,,0.9,Resistant
126,1:?,02:00,,0.945,Non-Resistant
127,1:?,02:00,,0.945,Non-Resistant
128,1:?,02:00,,0.945,Non-Resistant
129,1:?,01:01,,0.9,Resistant
130,1:?,01:01,,0.9,Resistant
131,1:?,02:00,,0.945,Non-Resistant
132,1:?,02:00,,0.945,Non-Resistant
133,1:?,01:01,,0.9,Resistant
134,1:?,02:00,,0.945,Non-Resistant
135,1:?,01:01,,0.9,Resistant
136,1:?,02:00,,0.945,Non-Resistant
137,1:?,02:00,,0.945,Non-Resistant
138,1:?,02:00,,0.945,Non-Resistant
139,1:?,02:00,,0.945,Non-Resistant
140,1:?,01:01,,0.9,Resistant
141,1:?,02:00,,0.945,Non-Resistant
142,1:?,02:00,,0.945,Non-Resistant
143,1:?,02:00,,0.945,Non-Resistant
144,1:?,02:00,,0.945,Non-Resistant
145,1:?,02:00,,0.945,Non-Resistant
146,1:?,02:00,,0.945,Non-Resistant
147,1:?,02:00,,0.945,Non-Resistant
148,1:?,02:00,,0.945,Non-Resistant
149,1:?,02:00,,0.945,Non-Resistant
150,1:?,02:00,,0.945,Non-Resistant
151,1:?,02:00,,0.945,Non-Resistant
152,1:?,02:00,,0.945,Non-Resistant
153,1:?,02:00,,0.945,Non-Resistant
154,1:?,01:01,,0.9,Resistant
155,1:?,02:00,,0.945,Non-Resistant
156,1:?,02:00,,0.945,Non-Resistant
157,1:?,02:00,,0.945,Non-Resistant
158,1:?,02:00,,0.945,Non-Resistant
159,1:?,02:00,,0.945,Non-Resistant
160,1:?,02:00,,0.945,Non-Resistant
161,1:?,02:00,,0.945,Non-Resistant
162,1:?,01:01,,0.9,Resistant
163,1:?,02:00,,0.945,Non-Resistant
164,1:?,02:00,,0.945,Non-Resistant
165,1:?,02:00,,0.945,Non-Resistant
166,1:?,02:00,,0.945,Non-Resistant
167,1:?,02:00,,0.945,Non-Resistant
168,1:?,02:00,,0.945,Non-Resistant
169,1:?,02:00,,0.945,Non-Resistant
170,1:?,02:00,,0.945,Non-Resistant
171,1:?,02:00,,0.945,Non-Resistant
172,1:?,02:00,,0.945,Non-Resistant
173,1:?,02:00,,0.945,Non-Resistant
174,1:?,01:01,,0.9,Resistant
175,1:?,02:00,,0.945,Non-Resistant
176,1:?,02:00,,0.945,Non-Resistant
177,1:?,02:00,,0.945,Non-Resistant
178,1:?,02:00,,0.945,Non-Resistant
179,1:?,02:00,,0.945,Non-Resistant
180,1:?,02:00,,0.945,Non-Resistant
181,1:?,02:00,,0.945,Non-Resistant
182,1:?,01:01,,0.9,Resistant
183,1:?,01:01,,0.9,Resistant
184,1:?,01:01,,0.9,Resistant
185,1:?,01:01,,0.9,Resistant
186,1:?,02:00,,0.945,Non-Resistant
187,1:?,02:00,,0.945,Non-Resistant
188,1:?,02:00,,0.945,Non-Resistant
189,1:?,02:00,,0.945,Non-Resistant
190,1:?,02:00,,0.945,Non-Resistant
191,1:?,02:00,,0.945,Non-Resistant
192,1:?,02:00,,0.945,Non-Resistant
193,1:?,01:01,,0.9,Resistant
194,1:?,02:00,,0.945,Non-Resistant
195,1:?,02:00,,0.945,Non-Resistant
196,1:?,02:00,,0.945,Non-Resistant
197,1:?,02:00,,0.945,Non-Resistant
198,1:?,02:00,,0.945,Non-Resistant
199,1:?,02:00,,0.945,Non-Resistant
200,1:?,02:00,,0.945,Non-Resistant
201,1:?,02:00,,0.945,Non-Resistant
202,1:?,02:00,,0.945,Non-Resistant
203,1:?,02:00,,0.945,Non-Resistant
204,1:?,02:00,,0.945,Non-Resistant
205,1:?,01:01,,0.9,Resistant
206,1:?,02:00,,0.945,Non-Resistant
207,1:?,02:00,,0.945,Non-Resistant
208,1:?,01:01,,0.9,Resistant
209,1:?,01:01,,0.9,Resistant
210,1:?,02:00,,0.945,Non-Resistant
211,1:?,01:01,,0.9,Resistant
212,1:?,02:00,,0.945,Non-Resistant
213,1:?,02:00,,0.945,Non-Resistant
214,1:?,02:00,,0.945,Non-Resistant
215,1:?,02:00,,0.945,Non-Resistant
216,1:?,02:00,,0.945,Non-Resistant
217,1:?,02:00,,0.945,Non-Resistant
218,1:?,01:01,,0.9,Resistant
219,1:?,02:00,,0.945,Non-Resistant
220,1:?,02:00,,0.945,Non-Resistant
221,1:?,02:00,,0.945,Non-Resistant
222,1:?,02:00,,0.945,Non-Resistant
223,1:?,02:00,,0.945,Non-Resistant
224,1:?,02:00,,0.945,Non-Resistant
225,1:?,01:01,,0.9,Resistant
226,1:?,02:00,,0.945,Non-Resistant
227,1:?,01:01,,0.9,Resistant
228,1:?,02:00,,0.945,Non-Resistant
229,1:?,02:00,,0.945,Non-Resistant
230,1:?,01:01,,0.9,Resistant
231,1:?,02:00,,0.945,Non-Resistant
232,1:?,02:00,,0.945,Non-Resistant
233,1:?,02:00,,0.945,Non-Resistant
234,1:?,02:00,,0.945,Non-Resistant
235,1:?,02:00,,0.945,Non-Resistant
236,1:?,01:01,,0.9,Resistant
237,1:?,02:00,,0.945,Non-Resistant
238,1:?,02:00,,0.945,Non-Resistant
239,1:?,02:00,,0.945,Non-Resistant
240,1:?,01:01,,0.9,Resistant
241,1:?,01:01,,0.9,Resistant
242,1:?,02:00,,0.945,Non-Resistant
243,1:?,02:00,,0.945,Non-Resistant
244,1:?,02:00,,0.945,Non-Resistant
245,1:?,01:01,,0.9,Resistant
246,1:?,02:00,,0.945,Non-Resistant
247,1:?,02:00,,0.945,Non-Resistant
248,1:?,02:00,,0.945,Non-Resistant
249,1:?,01:01,,0.9,Resistant
250,1:?,02:00,,0.945,Non-Resistant
251,1:?,01:01,,0.9,Resistant
252,1:?,01:01,,0.9,Resistant
253,1:?,02:00,,0.945,Non-Resistant
254,1:?,02:00,,0.945,Non-Resistant
255,1:?,01:01,,0.9,Resistant
256,1:?,02:00,,0.945,Non-Resistant
257,1:?,02:00,,0.945,Non-Resistant
258,1:?,02:00,,0.945,Non-Resistant
259,1:?,01:01,,0.9,Resistant
260,1:?,01:01,,0.9,Resistant
261,1:?,02:00,,0.945,Non-Resistant
262,1:?,01:01,,0.9,Resistant
263,1:?,01:01,,0.9,Resistant
264,1:?,01:01,,0.9,Resistant
265,1:?,02:00,,0.945,Non-Resistant
266,1:?,01:01,,0.9,Resistant
267,1:?,02:00,,0.945,Non-Resistant
268,1:?,02:00,,0.945,Non-Resistant
269,1:?,02:00,,0.945,Non-Resistant
270,1:?,02:00,,0.945,Non-Resistant
271,1:?,01:01,,0.9,Resistant
272,1:?,02:00,,0.945,Non-Resistant
273,1:?,01:01,,0.9,Resistant
274,1:?,01:01,,0.9,Resistant
275,1:?,02:00,,0.945,Non-Resistant
276,1:?,01:01,,0.9,Resistant
277,1:?,02:00,,0.945,Non-Resistant
278,1:?,02:00,,0.945,Non-Resistant
279,1:?,02:00,,0.945,Non-Resistant
280,1:?,02:00,,0.945,Non-Resistant
281,1:?,02:00,,0.945,Non-Resistant
282,1:?,02:00,,0.945,Non-Resistant
283,1:?,02:00,,0.945,Non-Resistant
284,1:?,02:00,,0.945,Non-Resistant
285,1:?,02:00,,0.945,Non-Resistant
286,1:?,01:01,,0.9,Resistant
287,1:?,02:00,,0.945,Non-Resistant
288,1:?,02:00,,0.945,Non-Resistant
289,1:?,02:00,,0.945,Non-Resistant
290,1:?,02:00,,0.945,Non-Resistant
291,1:?,01:01,,0.9,Resistant
292,1:?,01:01,,0.9,Resistant
293,1:?,01:01,,0.9,Resistant
294,1:?,01:01,,0.9,Resistant
295,1:?,01:01,,0.9,Resistant
296,1:?,01:01,,0.9,Resistant
297,1:?,02:00,,0.945,Non-Resistant
298,1:?,01:01,,0.9,Resistant
299,1:?,01:01,,0.9,Resistant
300,1:?,01:01,,0.9,Resistant
301,1:?,01:01,,0.9,Resistant
302,1:?,01:01,,0.9,Resistant
303,1:?,01:01,,0.9,Resistant
304,1:?,01:01,,0.9,Resistant
305,1:?,02:00,,0.945,Non-Resistant
306,1:?,02:00,,0.945,Non-Resistant
307,1:?,01:01,,0.9,Resistant
308,1:?,02:00,,0.945,Non-Resistant
309,1:?,02:00,,0.945,Non-Resistant
310,1:?,01:01,,0.9,Resistant
311,1:?,02:00,,0.945,Non-Resistant
312,1:?,02:00,,0.945,Non-Resistant
313,1:?,01:01,,0.9,Resistant
314,1:?,02:00,,0.945,Non-Resistant
315,1:?,02:00,,0.945,Non-Resistant
316,1:?,01:01,,0.9,Resistant
317,1:?,02:00,,0.945,Non-Resistant
318,1:?,02:00,,0.945,Non-Resistant
319,1:?,02:00,,0.945,Non-Resistant
320,1:?,02:00,,0.945,Non-Resistant
321,1:?,01:01,,0.9,Resistant
322,1:?,02:00,,0.945,Non-Resistant
323,1:?,01:01,,0.9,Resistant
324,1:?,02:00,,0.945,Non-Resistant
325,1:?,02:00,,0.945,Non-Resistant
326,1:?,01:01,,0.9,Resistant
327,1:?,02:00,,0.945,Non-Resistant
328,1:?,02:00,,0.945,Non-Resistant
329,1:?,02:00,,0.945,Non-Resistant
330,1:?,02:00,,0.945,Non-Resistant
331,1:?,02:00,,0.945,Non-Resistant
332,1:?,02:00,,0.945,Non-Resistant
333,1:?,02:00,,0.945,Non-Resistant
334,1:?,02:00,,0.945,Non-Resistant
335,1:?,02:00,,0.945,Non-Resistant
336,1:?,02:00,,0.945,Non-Resistant
337,1:?,02:00,,0.945,Non-Resistant
338,1:?,02:00,,0.945,Non-Resistant
339,1:?,01:01,,0.9,Resistant
340,1:?,02:00,,0.945,Non-Resistant
341,1:?,01:01,,0.9,Resistant
342,1:?,02:00,,0.945,Non-Resistant
343,1:?,02:00,,0.945,Non-Resistant
344,1:?,02:00,,0.945,Non-Resistant
345,1:?,02:00,,0.945,Non-Resistant
346,1:?,02:00,,0.945,Non-Resistant
347,1:?,02:00,,0.945,Non-Resistant
348,1:?,02:00,,0.945,Non-Resistant
349,1:?,02:00,,0.945,Non-Resistant
350,1:?,01:01,,0.9,Resistant
351,1:?,02:00,,0.945,Non-Resistant
352,1:?,01:01,,0.9,Resistant
353,1:?,01:01,,0.9,Resistant
354,1:?,02:00,,0.945,Non-Resistant
355,1:?,02:00,,0.945,Non-Resistant
356,1:?,02:00,,0.945,Non-Resistant
357,1:?,02:00,,0.945,Non-Resistant
358,1:?,02:00,,0.945,Non-Resistant
359,1:?,02:00,,0.945,Non-Resistant
360,1:?,02:00,,0.945,Non-Resistant
361,1:?,02:00,,0.945,Non-Resistant
362,1:?,02:00,,0.945,Non-Resistant
363,1:?,01:01,,0.9,Resistant
364,1:?,02:00,,0.945,Non-Resistant
365,1:?,01:01,,0.9,Resistant
366,1:?,02:00,,0.945,Non-Resistant
367,1:?,02:00,,0.945,Non-Resistant
368,1:?,02:00,,0.945,Non-Resistant
369,1:?,02:00,,0.945,Non-Resistant
370,1:?,01:01,,0.9,Resistant
371,1:?,02:00,,0.945,Non-Resistant
372,1:?,02:00,,0.945,Non-Resistant
373,1:?,01:01,,0.9,Resistant
374,1:?,02:00,,0.945,Non-Resistant
375,1:?,02:00,,0.945,Non-Resistant
376,1:?,01:01,,0.9,Resistant
377,1:?,01:01,,0.9,Resistant
378,1:?,02:00,,0.945,Non-Resistant
379,1:?,02:00,,0.945,Non-Resistant
380,1:?,02:00,,0.945,Non-Resistant
381,1:?,02:00,,0.945,Non-Resistant
382,1:?,02:00,,0.945,Non-Resistant
383,1:?,02:00,,0.945,Non-Resistant
384,1:?,02:00,,0.945,Non-Resistant
385,1:?,01:01,,0.9,Resistant
386,1:?,01:01,,0.9,Resistant
387,1:?,01:01,,0.9,Resistant
388,1:?,01:01,,0.9,Resistant
389,1:?,02:00,,0.945,Non-Resistant
390,1:?,02:00,,0.945,Non-Resistant
391,1:?,01:01,,0.9,Resistant
392,1:?,01:01,,0.9,Resistant
393,1:?,01:01,,0.9,Resistant
394,1:?,02:00,,0.945,Non-Resistant
395,1:?,01:01,,0.9,Resistant
396,1:?,01:01,,0.9,Resistant
397,1:?,01:01,,0.9,Resistant
398,1:?,01:01,,0.9,Resistant
399,1:?,02:00,,0.945,Non-Resistant
400,1:?,02:00,,0.945,Non-Resistant
401,1:?,02:00,,0.945,Non-Resistant
402,1:?,01:01,,0.9,Resistant
403,1:?,02:00,,0.945,Non-Resistant
404,1:?,01:01,,0.9,Resistant
405,1:?,01:01,,0.9,Resistant
406,1:?,01:01,,0.9,Resistant
407,1:?,02:00,,0.945,Non-Resistant
408,1:?,02:00,,0.945,Non-Resistant
409,1:?,02:00,,0.945,Non-Resistant
410,1:?,02:00,,0.945,Non-Resistant
411,1:?,02:00,,0.945,Non-Resistant
412,1:?,02:00,,0.945,Non-Resistant
413,1:?,02:00,,0.945,Non-Resistant
414,1:?,01:01,,0.9,Resistant
415,1:?,02:00,,0.945,Non-Resistant
416,1:?,02:00,,0.945,Non-Resistant
417,1:?,02:00,,0.945,Non-Resistant
418,1:?,01:01,,0.9,Resistant
419,1:?,02:00,,0.945,Non-Resistant
420,1:?,02:00,,0.945,Non-Resistant
421,1:?,01:01,,0.9,Resistant
422,1:?,02:00,,0.945,Non-Resistant
423,1:?,01:01,,0.9,Resistant
424,1:?,02:00,,0.945,Non-Resistant
425,1:?,02:00,,0.945,Non-Resistant
426,1:?,02:00,,0.945,Non-Resistant
427,1:?,02:00,,0.945,Non-Resistant
428,1:?,01:01,,0.9,Resistant
429,1:?,02:00,,0.945,Non-Resistant
430,1:?,02:00,,0.945,Non-Resistant
431,1:?,02:00,,0.945,Non-Resistant
432,1:?,02:00,,0.945,Non-Resistant
433,1:?,01:01,,0.9,Resistant
434,1:?,01:01,,0.9,Resistant
435,1:?,01:01,,0.9,Resistant
436,1:?,02:00,,0.945,Non-Resistant
437,1:?,01:01,,0.9,Resistant
438,1:?,02:00,,0.945,Non-Resistant
439,1:?,02:00,,0.945,Non-Resistant
440,1:?,02:00,,0.945,Non-Resistant
441,1:?,02:00,,0.945,Non-Resistant
442,1:?,02:00,,0.945,Non-Resistant
443,1:?,02:00,,0.945,Non-Resistant
444,1:?,02:00,,0.945,Non-Resistant
445,1:?,02:00,,0.945,Non-Resistant
446,1:?,01:01,,0.9,Resistant
447,1:?,01:01,,0.9,Resistant
448,1:?,02:00,,0.945,Non-Resistant
449,1:?,02:00,,0.945,Non-Resistant
450,1:?,01:01,,0.9,Resistant
451,1:?,01:01,,0.9,Resistant
452,1:?,02:00,,0.945,Non-Resistant
453,1:?,01:01,,0.9,Resistant
454,1:?,01:01,,0.9,Resistant
455,1:?,01:01,,0.9,Resistant
456,1:?,01:01,,0.9,Resistant
457,1:?,01:01,,0.9,Resistant
458,1:?,01:01,,0.9,Resistant
459,1:?,01:01,,0.9,Resistant
460,1:?,01:01,,0.9,Resistant
461,1:?,02:00,,0.945,Non-Resistant
462,1:?,01:01,,0.9,Resistant
463,1:?,02:00,,0.945,Non-Resistant
464,1:?,02:00,,0.945,Non-Resistant
465,1:?,01:01,,0.9,Resistant
466,1:?,02:00,,0.945,Non-Resistant
467,1:?,02:00,,0.945,Non-Resistant
468,1:?,02:00,,0.945,Non-Resistant
469,1:?,02:00,,0.945,Non-Resistant
470,1:?,02:00,,0.945,Non-Resistant
471,1:?,02:00,,0.945,Non-Resistant
472,1:?,01:01,,0.9,Resistant
473,1:?,02:00,,0.945,Non-Resistant
474,1:?,01:01,,0.9,Resistant
475,1:?,02:00,,0.945,Non-Resistant
476,1:?,02:00,,0.945,Non-Resistant
477,1:?,02:00,,0.945,Non-Resistant
478,1:?,02:00,,0.945,Non-Resistant
479,1:?,02:00,,0.945,Non-Resistant
480,1:?,02:00,,0.945,Non-Resistant
481,1:?,01:01,,0.9,Resistant
482,1:?,01:01,,0.9,Resistant
483,1:?,02:00,,0.945,Non-Resistant
484,1:?,02:00,,0.945,Non-Resistant
485,1:?,01:01,,0.9,Resistant
486,1:?,02:00,,0.945,Non-Resistant
487,1:?,02:00,,0.945,Non-Resistant
488,1:?,01:01,,0.9,Resistant
489,1:?,02:00,,0.945,Non-Resistant
490,1:?,02:00,,0.945,Non-Resistant
491,1:?,02:00,,0.945,Non-Resistant
492,1:?,01:01,,0.9,Resistant
493,1:?,01:01,,0.9,Resistant
494,1:?,02:00,,0.945,Non-Resistant
495,1:?,02:00,,0.945,Non-Resistant
496,1:?,01:01,,0.9,Resistant
497,1:?,02:00,,0.945,Non-Resistant
498,1:?,02:00,,0.945,Non-Resistant
499,1:?,02:00,,0.945,Non-Resistant
500,1:?,01:01,,0.9,Resistant
501,1:?,02:00,,0.945,Non-Resistant
502,1:?,01:01,,0.9,Resistant
503,1:?,02:00,,0.945,Non-Resistant
504,1:?,02:00,,0.945,Non-Resistant
505,1:?,01:01,,0.9,Resistant
506,1:?,01:01,,0.9,Resistant
507,1:?,02:00,,0.945,Non-Resistant
508,1:?,01:01,,0.9,Resistant
509,1:?,01:01,,0.9,Resistant
510,1:?,02:00,,0.945,Non-Resistant
511,1:?,02:00,,0.945,Non-Resistant
512,1:?,02:00,,0.945,Non-Resistant
513,1:?,02:00,,0.945,Non-Resistant
514,1:?,02:00,,0.945,Non-Resistant
515,1:?,02:00,,0.945,Non-Resistant
516,1:?,02:00,,0.945,Non-Resistant
517,1:?,01:01,,0.9,Resistant
518,1:?,01:01,,0.9,Resistant
519,1:?,01:01,,0.9,Resistant
520,1:?,01:01,,0.9,Resistant
521,1:?,01:01,,0.9,Resistant
522,1:?,01:01,,0.9,Resistant
523,1:?,02:00,,0.945,Non-Resistant
524,1:?,02:00,,0.945,Non-Resistant
525,1:?,01:01,,0.9,Resistant
526,1:?,02:00,,0.945,Non-Resistant
527,1:?,02:00,,0.945,Non-Resistant
528,1:?,01:01,,0.9,Resistant
529,1:?,02:00,,0.945,Non-Resistant
530,1:?,02:00,,0.945,Non-Resistant
531,1:?,02:00,,0.945,Non-Resistant
532,1:?,02:00,,0.945,Non-Resistant
533,1:?,01:01,,0.9,Resistant
534,1:?,02:00,,0.945,Non-Resistant
535,1:?,01:01,,0.9,Resistant
536,1:?,02:00,,0.945,Non-Resistant
537,1:?,02:00,,0.945,Non-Resistant
538,1:?,01:01,,0.9,Resistant
539,1:?,02:00,,0.945,Non-Resistant
540,1:?,02:00,,0.945,Non-Resistant
541,1:?,02:00,,0.945,Non-Resistant
542,1:?,01:01,,0.9,Resistant
543,1:?,02:00,,0.945,Non-Resistant
544,1:?,02:00,,0.945,Non-Resistant
545,1:?,01:01,,0.9,Resistant
546,1:?,01:01,,0.9,Resistant
547,1:?,01:01,,0.9,Resistant
548,1:?,02:00,,0.945,Non-Resistant
549,1:?,02:00,,0.945,Non-Resistant
550,1:?,01:01,,0.9,Resistant
551,1:?,02:00,,0.945,Non-Resistant
552,1:?,02:00,,0.945,Non-Resistant
553,1:?,02:00,,0.945,Non-Resistant
554,1:?,01:01,,0.9,Resistant
555,1:?,01:01,,0.9,Resistant
556,1:?,02:00,,0.945,Non-Resistant
557,1:?,02:00,,0.945,Non-Resistant
558,1:?,01:01,,0.9,Resistant
559,1:?,02:00,,0.945,Non-Resistant
560,1:?,01:01,,0.9,Resistant
561,1:?,01:01,,0.9,Resistant
562,1:?,02:00,,0.945,Non-Resistant
563,1:?,02:00,,0.945,Non-Resistant
564,1:?,02:00,,0.945,Non-Resistant
565,1:?,01:01,,0.9,Resistant
566,1:?,01:01,,0.9,Resistant
567,1:?,01:01,,0.9,Resistant
568,1:?,02:00,,0.945,Non-Resistant
569,1:?,01:01,,0.9,Resistant
570,1:?,02:00,,0.945,Non-Resistant
571,1:?,01:01,,0.9,Resistant
572,1:?,02:00,,0.945,Non-Resistant
573,1:?,01:01,,0.9,Resistant
574,1:?,01:01,,0.9,Resistant
575,1:?,02:00,,0.945,Non-Resistant
576,1:?,02:00,,0.945,Non-Resistant
577,1:?,01:01,,0.9,Resistant
578,1:?,01:01,,0.9,Resistant
579,1:?,01:01,,0.9,Resistant
580,1:?,01:01,,0.9,Resistant
581,1:?,01:01,,0.9,Resistant
582,1:?,01:01,,0.9,Resistant
583,1:?,02:00,,0.945,Non-Resistant
584,1:?,01:01,,0.9,Resistant
585,1:?,01:01,,0.9,Resistant
586,1:?,01:01,,0.9,Resistant
587,1:?,01:01,,0.9,Resistant
588,1:?,01:01,,0.9,Resistant
589,1:?,01:01,,0.9,Resistant
590,1:?,01:01,,0.9,Resistant
591,1:?,01:01,,0.9,Resistant
592,1:?,01:01,,0.9,Resistant
593,1:?,01:01,,0.9,Resistant
594,1:?,01:01,,0.9,Resistant
595,1:?,01:01,,0.9,Resistant
596,1:?,01:01,,0.9,Resistant
597,1:?,01:01,,0.9,Resistant
598,1:?,01:01,,0.9,Resistant
599,1:?,02:00,,0.945,Non-Resistant
600,1:?,01:01,,0.9,Resistant
601,1:?,01:01,,0.9,Resistant
602,1:?,01:01,,0.9,Resistant
603,1:?,01:01,,0.9,Resistant
604,1:?,01:01,,0.9,Resistant
605,1:?,01:01,,0.9,Resistant
606,1:?,01:01,,0.9,Resistant
607,1:?,01:01,,0.9,Resistant
608,1:?,02:00,,0.945,Non-Resistant
609,1:?,02:00,,0.945,Non-Resistant
610,1:?,01:01,,0.9,Resistant
611,1:?,01:01,,0.9,Resistant
612,1:?,01:01,,0.9,Resistant
613,1:?,02:00,,0.945,Non-Resistant
614,1:?,02:00,,0.945,Non-Resistant
615,1:?,01:01,,0.9,Resistant
616,1:?,01:01,,0.9,Resistant
617,1:?,01:01,,0.9,Resistant
618,1:?,01:01,,0.9,Resistant
619,1:?,01:01,,0.9,Resistant
620,1:?,01:01,,0.9,Resistant
621,1:?,01:01,,0.9,Resistant
622,1:?,01:01,,0.9,Resistant
623,1:?,01:01,,0.9,Resistant
624,1:?,02:00,,0.945,Non-Resistant
625,1:?,01:01,,0.9,Resistant
626,1:?,01:01,,0.9,Resistant
627,1:?,02:00,,0.945,Non-Resistant
628,1:?,01:01,,0.9,Resistant
629,1:?,01:01,,0.9,Resistant
630,1:?,01:01,,0.9,Resistant
631,1:?,01:01,,0.9,Resistant
632,1:?,02:00,,0.945,Non-Resistant
633,1:?,01:01,,0.9,Resistant
634,1:?,01:01,,0.9,Resistant
635,1:?,01:01,,0.9,Resistant
636,1:?,01:01,,0.9,Resistant
637,1:?,01:01,,0.9,Resistant
638,1:?,01:01,,0.9,Resistant
639,1:?,01:01,,0.9,Resistant
640,1:?,01:01,,0.9,Resistant
641,1:?,01:01,,0.9,Resistant
642,1:?,01:01,,0.9,Resistant
643,1:?,01:01,,0.9,Resistant
644,1:?,02:00,,0.945,Non-Resistant
645,1:?,01:01,,0.9,Resistant
646,1:?,01:01,,0.9,Resistant
647,1:?,01:01,,0.9,Resistant
648,1:?,01:01,,0.9,Resistant
649,1:?,01:01,,0.9,Resistant
650,1:?,01:01,,0.9,Resistant
651,1:?,01:01,,0.9,Resistant
652,1:?,01:01,,0.9,Resistant
653,1:?,01:01,,0.9,Resistant
654,1:?,01:01,,0.9,Resistant
655,1:?,01:01,,0.9,Resistant
656,1:?,01:01,,0.9,Resistant
657,1:?,02:00,,0.945,Non-Resistant
658,1:?,01:01,,0.9,Resistant
659,1:?,01:01,,0.9,Resistant
660,1:?,01:01,,0.9,Resistant
661,1:?,01:01,,0.9,Resistant
662,1:?,01:01,,0.9,Resistant
663,1:?,01:01,,0.9,Resistant
664,1:?,01:01,,0.9,Resistant
665,1:?,01:01,,0.9,Resistant
666,1:?,02:00,,0.945,Non-Resistant
667,1:?,01:01,,0.9,Resistant
668,1:?,01:01,,0.9,Resistant
669,1:?,01:01,,0.9,Resistant
670,1:?,01:01,,0.9,Resistant
671,1:?,02:00,,0.945,Non-Resistant
672,1:?,02:00,,0.945,Non-Resistant
673,1:?,02:00,,0.945,Non-Resistant
674,1:?,02:00,,0.945,Non-Resistant
675,1:?,02:00,,0.945,Non-Resistant
676,1:?,01:01,,0.9,Resistant
677,1:?,01:01,,0.9,Resistant
678,1:?,01:01,,0.9,Resistant
679,1:?,01:01,,0.9,Resistant
680,1:?,01:01,,0.9,Resistant
681,1:?,01:01,,0.9,Resistant
682,1:?,01:01,,0.9,Resistant
683,1:?,02:00,,0.945,Non-Resistant
684,1:?,01:01,,0.9,Resistant
685,1:?,01:01,,0.9,Resistant
686,1:?,02:00,,0.945,Non-Resistant
687,1:?,02:00,,0.945,Non-Resistant
688,1:?,02:00,,0.945,Non-Resistant
689,1:?,02:00,,0.945,Non-Resistant
690,1:?,01:01,,0.9,Resistant
691,1:?,01:01,,0.9,Resistant
692,1:?,01:01,,0.9,Resistant
693,1:?,02:00,,0.945,Non-Resistant
694,1:?,01:01,,0.9,Resistant
695,1:?,01:01,,0.9,Resistant
696,1:?,01:01,,0.9,Resistant
697,1:?,02:00,,0.945,Non-Resistant
698,1:?,01:01,,0.9,Resistant
699,1:?,01:01,,0.9,Resistant
700,1:?,02:00,,0.945,Non-Resistant
701,1:?,01:01,,0.9,Resistant
702,1:?,01:01,,0.9,Resistant
703,1:?,01:01,,0.9,Resistant
704,1:?,01:01,,0.9,Resistant
705,1:?,01:01,,0.9,Resistant
706,1:?,02:00,,0.945,Non-Resistant
707,1:?,02:00,,0.945,Non-Resistant
708,1:?,01:01,,0.9,Resistant
709,1:?,01:01,,0.9,Resistant
710,1:?,01:01,,0.9,Resistant
711,1:?,02:00,,0.945,Non-Resistant
712,1:?,01:01,,0.9,Resistant
713,1:?,01:01,,0.9,Resistant
714,1:?,01:01,,0.9,Resistant
715,1:?,01:01,,0.9,Resistant
716,1:?,01:01,,0.9,Resistant
717,1:?,01:01,,0.9,Resistant
718,1:?,01:01,,0.9,Resistant
719,1:?,01:01,,0.9,Resistant
720,1:?,01:01,,0.9,Resistant
721,1:?,01:01,,0.9,Resistant
722,1:?,01:01,,0.9,Resistant
723,1:?,01:01,,0.9,Resistant
724,1:?,01:01,,0.9,Resistant
725,1:?,01:01,,0.9,Resistant
726,1:?,01:01,,0.9,Resistant
727,1:?,01:01,,0.9,Resistant
728,1:?,02:00,,0.945,Non-Resistant
729,1:?,01:01,,0.9,Resistant
730,1:?,01:01,,0.9,Resistant
731,1:?,01:01,,0.9,Resistant
732,1:?,01:01,,0.9,Resistant
733,1:?,01:01,,0.9,Resistant
734,1:?,01:01,,0.9,Resistant
735,1:?,01:01,,0.9,Resistant
736,1:?,02:00,,0.945,Non-Resistant
737,1:?,01:01,,0.9,Resistant
738,1:?,01:01,,0.9,Resistant
739,1:?,01:01,,0.9,Resistant
740,1:?,01:01,,0.9,Resistant
741,1:?,02:00,,0.945,Non-Resistant
742,1:?,02:00,,0.945,Non-Resistant
743,1:?,02:00,,0.945,Non-Resistant
744,1:?,01:01,,0.9,Resistant
745,1:?,01:01,,0.9,Resistant
746,1:?,01:01,,0.9,Resistant
747,1:?,02:00,,0.945,Non-Resistant
748,1:?,02:00,,0.945,Non-Resistant
749,1:?,01:01,,0.9,Resistant
750,1:?,02:00,,0.945,Non-Resistant
751,1:?,02:00,,0.945,Non-Resistant
752,1:?,02:00,,0.945,Non-Resistant
753,1:?,02:00,,0.945,Non-Resistant
754,1:?,01:01,,0.9,Resistant
755,1:?,02:00,,0.945,Non-Resistant
756,1:?,01:01,,0.9,Resistant
757,1:?,01:01,,0.9,Resistant
758,1:?,02:00,,0.945,Non-Resistant
759,1:?,02:00,,0.945,Non-Resistant
760,1:?,02:00,,0.945,Non-Resistant
761,1:?,02:00,,0.945,Non-Resistant
762,1:?,01:01,,0.9,Resistant
763,1:?,02:00,,0.945,Non-Resistant
764,1:?,01:01,,0.9,Resistant
765,1:?,01:01,,0.9,Resistant
766,1:?,01:01,,0.9,Resistant
767,1:?,01:01,,0.9,Resistant
768,1:?,02:00,,0.945,Non-Resistant
769,1:?,02:00,,0.945,Non-Resistant
770,1:?,02:00,,0.945,Non-Resistant
771,1:?,02:00,,0.945,Non-Resistant
772,1:?,02:00,,0.945,Non-Resistant
773,1:?,02:00,,0.945,Non-Resistant
774,1:?,02:00,,0.945,Non-Resistant
775,1:?,02:00,,0.945,Non-Resistant
776,1:?,02:00,,0.945,Non-Resistant
777,1:?,02:00,,0.945,Non-Resistant
778,1:?,02:00,,0.945,Non-Resistant
779,1:?,01:01,,0.9,Resistant
780,1:?,02:00,,0.945,Non-Resistant
781,1:?,02:00,,0.945,Non-Resistant
782,1:?,02:00,,0.945,Non-Resistant
783,1:?,02:00,,0.945,Non-Resistant
784,1:?,02:00,,0.945,Non-Resistant
785,1:?,02:00,,0.945,Non-Resistant
786,1:?,02:00,,0.945,Non-Resistant
787,1:?,02:00,,0.945,Non-Resistant
788,1:?,02:00,,0.945,Non-Resistant
789,1:?,02:00,,0.945,Non-Resistant
790,1:?,02:00,,0.945,Non-Resistant
791,1:?,02:00,,0.945,Non-Resistant
792,1:?,02:00,,0.945,Non-Resistant
793,1:?,02:00,,0.945,Non-Resistant
794,1:?,02:00,,0.945,Non-Resistant
795,1:?,02:00,,0.945,Non-Resistant
796,1:?,02:00,,0.945,Non-Resistant
797,1:?,02:00,,0.945,Non-Resistant
798,1:?,02:00,,0.945,Non-Resistant
799,1:?,01:01,,0.9,Resistant
800,1:?,01:01,,0.9,Resistant
801,1:?,02:00,,0.945,Non-Resistant
802,1:?,02:00,,0.945,Non-Resistant
803,1:?,02:00,,0.945,Non-Resistant
804,1:?,02:00,,0.945,Non-Resistant
805,1:?,02:00,,0.945,Non-Resistant
806,1:?,02:00,,0.945,Non-Resistant
807,1:?,02:00,,0.945,Non-Resistant
808,1:?,02:00,,0.945,Non-Resistant
809,1:?,02:00,,0.945,Non-Resistant
810,1:?,02:00,,0.945,Non-Resistant
811,1:?,02:00,,0.945,Non-Resistant
812,1:?,02:00,,0.945,Non-Resistant
813,1:?,02:00,,0.945,Non-Resistant
814,1:?,02:00,,0.945,Non-Resistant
815,1:?,02:00,,0.945,Non-Resistant
816,1:?,02:00,,0.945,Non-Resistant
817,1:?,02:00,,0.945,Non-Resistant
818,1:?,02:00,,0.945,Non-Resistant
819,1:?,02:00,,0.945,Non-Resistant
820,1:?,02:00,,0.945,Non-Resistant
821,1:?,02:00,,0.945,Non-Resistant
822,1:?,02:00,,0.945,Non-Resistant
823,1:?,02:00,,0.945,Non-Resistant
824,1:?,01:01,,0.9,Resistant
825,1:?,02:00,,0.945,Non-Resistant
826,1:?,02:00,,0.945,Non-Resistant
827,1:?,02:00,,0.945,Non-Resistant
828,1:?,02:00,,0.945,Non-Resistant
829,1:?,02:00,,0.945,Non-Resistant
830,1:?,02:00,,0.945,Non-Resistant
831,1:?,02:00,,0.945,Non-Resistant
832,1:?,02:00,,0.945,Non-Resistant
833,1:?,02:00,,0.945,Non-Resistant
834,1:?,02:00,,0.945,Non-Resistant
835,1:?,01:01,,0.9,Resistant
836,1:?,02:00,,0.945,Non-Resistant
837,1:?,02:00,,0.945,Non-Resistant
838,1:?,02:00,,0.945,Non-Resistant
839,1:?,02:00,,0.945,Non-Resistant
840,1:?,02:00,,0.945,Non-Resistant
841,1:?,02:00,,0.945,Non-Resistant
842,1:?,02:00,,0.945,Non-Resistant
843,1:?,02:00,,0.945,Non-Resistant
844,1:?,02:00,,0.945,Non-Resistant
845,1:?,01:01,,0.9,Resistant
846,1:?,02:00,,0.945,Non-Resistant
847,1:?,02:00,,0.945,Non-Resistant
848,1:?,01:01,,0.9,Resistant
849,1:?,01:01,,0.9,Resistant
850,1:?,02:00,,0.945,Non-Resistant
851,1:?,02:00,,0.945,Non-Resistant
852,1:?,02:00,,0.945,Non-Resistant
853,1:?,02:00,,0.945,Non-Resistant
854,1:?,02:00,,0.945,Non-Resistant
855,1:?,02:00,,0.945,Non-Resistant
856,1:?,01:01,,0.9,Resistant
857,1:?,02:00,,0.945,Non-Resistant
858,1:?,02:00,,0.945,Non-Resistant
859,1:?,01:01,,0.9,Resistant
860,1:?,02:00,,0.945,Non-Resistant
861,1:?,02:00,,0.945,Non-Resistant
862,1:?,02:00,,0.945,Non-Resistant
863,1:?,01:01,,0.9,Resistant
864,1:?,02:00,,0.945,Non-Resistant
