Well,Highest Slope control,Timepoint Control,Max OD control,Highest Slope furfural,Timepoint furfural,Max OD furfural,Rough Inflection Point,Resistance Points (1-12), Binary Resistance (1= resistant),StrainNumber,Resistant?,,Susceptibility Match,Resistance Match,Any Match
A01,0.089487318,7,0.414850287,0.096277992,2,-0.094837913,3,9,1,1,Non-Resistant,,mismatch,mismatch,No Match
A02,0.066792458,12,0.363050279,0.066478253,39,-0.13573299,32,9,1,2,Non-Resistant,,mismatch,mismatch,No Match
A03,0.051560734,15,0.407605075,0.043785289,35,-0.507521556,29,7,0,4,Non-Resistant,,Both NR,mismatch,Match
A04,0.081349629,6,0.411936261,0.040726388,1,0.20669377,1,7,0,6,Resistant,,mismatch,mismatch,No Match
A05,0.066018001,8,0.371018466,0.042375841,1,-0.245876985,1,5,0,8,Non-Resistant,,Both NR,mismatch,Match
A06,0.091789286,7,0.410672411,0.073857474,8,-0.063431925,7,9,1,9,Non-Resistant,,mismatch,mismatch,No Match
A07,0.093573378,8,0.409667929,0.063891562,3,-0.107211101,3,8,1,10,Non-Resistant,,mismatch,mismatch,No Match
A08,0.10504028,1,0.455130649,0.082842008,1,0.150329049,1,9,1,16,Resistant,,mismatch,Both R,Match
A09,0.069779504,13,0.294655188,0.060861031,1,-0.496693015,1,5,0,17.99,Non-Resistant,,Both NR,mismatch,Match
A10,0.071917984,11,0.353448051,0.066350256,20,-0.033520817,17,9,1,18,Non-Resistant,,mismatch,mismatch,No Match
A11,0.079158417,7,0.394080381,0.054884531,26,-0.309023598,21,8,1,20,Non-Resistant,,mismatch,mismatch,No Match
A12,0.063984063,6,0.389646156,0.080778729,11,-0.287127831,11,9,1,21,Non-Resistant,,mismatch,mismatch,No Match
B01,0.092104675,5,0.454888881,0.091184396,6,-0.118359119,7,9,1,22,Non-Resistant,,mismatch,mismatch,No Match
B02,0.100620504,6,0.449783705,0.05404232,3,0.184967813,4,9,1,23,Resistant,,mismatch,Both R,Match
B03,0.073892597,7,0.419838808,0.061239997,1,-0.243793983,1,6,0,26,Non-Resistant,,Both NR,mismatch,Match
B04,0.074889909,11,0.428297178,0.045176231,17,0.039483639,12,8,1,31,Resistant,,mismatch,Both R,Match
B05,0.085095431,9,0.407644459,0.077340143,17,-0.004874255,14,10,1,36,Non-Resistant,,mismatch,mismatch,No Match
B06,0.078445467,9,0.40624407,0.068631812,1,0.11114645,1,8,1,39,Resistant,,mismatch,Both R,Match
B07,0.092646276,9,0.410458466,0.05883254,1,-0.407706685,1,5,0,40,Non-Resistant,,Both NR,mismatch,Match
B08,0.081691358,9,0.37939815,0.071699755,46,-0.071394658,37,11,1,43,Non-Resistant,,mismatch,mismatch,No Match
B09,0.075096554,8,0.385406653,0.082967426,5,0.011094025,4,9,1,44,Resistant,,mismatch,Both R,Match
B10,0.077086559,6,0.406682041,0.027555702,9,-0.036407222,6,6,0,45,Non-Resistant,,Both NR,mismatch,Match
B11,0.08685505,7,0.411653769,0.038892628,33,-0.117442606,22,8,1,46,Non-Resistant,,mismatch,mismatch,No Match
B12,0.075033088,4,0.365666076,0.107180842,4,-0.257453452,6,8,1,49,Non-Resistant,,mismatch,mismatch,No Match
C01,0.095385965,3,0.414479372,0.038078023,27,-0.426279371,20,5,0,51,Non-Resistant,,Both NR,mismatch,Match
C02,0.070009345,8,0.357214191,0.050159288,1,-0.346143326,1,4,0,52,Non-Resistant,,Both NR,mismatch,Match
C03,0.0898985,8,0.386978176,0.059852983,1,0.056416232,1,7,0,54,Resistant,,mismatch,mismatch,No Match
C04,0.072804561,7,0.374748966,0.046609651,1,0.072008086,1,6,0,55,Resistant,,mismatch,mismatch,No Match
C05,0.069887986,11,0.398843848,0.058382751,1,0.11262966,1,8,1,56,Resistant,,mismatch,Both R,Match
C06,0.07163338,8,0.415498183,0.042194359,1,-0.16631414,1,5,0,57,Non-Resistant,,Both NR,mismatch,Match
C07,0.08137421,14,0.378832473,0.061300209,31,-0.180939554,26,9,1,58,Non-Resistant,,mismatch,mismatch,No Match
C08,0.089199495,8,0.405641021,0.041004274,1,0.19311396,1,7,0,59,Resistant,,mismatch,mismatch,No Match
C09,0.069203073,6,0.3325664,0.03594822,1,-0.269591168,1,4,0,60,Non-Resistant,,Both NR,mismatch,Match
C10,0.070580108,9,0.368559274,0.049071856,1,-0.487652286,1,4,0,61,Non-Resistant,,Both NR,mismatch,Match
C11,0.06724176,9,0.405006173,0.070529196,26,-0.470592585,23,8,1,62,Non-Resistant,,mismatch,mismatch,No Match
C12,0.063529949,10,0.28895496,0.105054674,4,-0.273439502,5,8,1,63,Non-Resistant,,mismatch,mismatch,No Match
D01,0.083876872,6,0.420287379,0.049929661,1,-0.234867749,1,5,0,64,Non-Resistant,,Both NR,mismatch,Match
D02,0.074880672,9,0.362519174,0.035375836,1,-0.466444744,1,3,0,65,Non-Resistant,,Both NR,mismatch,Match
D03,0.084838648,7,0.372515282,0.052913258,1,0.129120878,1,8,1,68,Resistant,,mismatch,Both R,Match
D04,0.081186629,7,0.371001621,0.051902922,1,-0.053163401,1,7,0,70,Non-Resistant,,Both NR,mismatch,Match
D05,0.08790089,9,0.38792954,0.043585601,1,-0.080213284,1,6,0,71,Non-Resistant,,Both NR,mismatch,Match
D06,0.092945259,6,0.386410429,0.054009022,1,0.024690739,1,7,0,72,Resistant,,mismatch,mismatch,No Match
D07,0.082260563,9,0.371555116,0.038779722,1,-0.052111762,1,5,0,73,Non-Resistant,,Both NR,mismatch,Match
D08,0.083601982,7,0.401764878,0.049544193,1,-0.042193424,1,6,0,74,Non-Resistant,,Both NR,mismatch,Match
D09,0.083511763,7,0.394471979,0.059040948,1,-0.129387319,1,6,0,75,Non-Resistant,,Both NR,mismatch,Match
D10,0.090118447,6,0.389363014,0.058527812,1,0.031528398,1,7,0,76,Resistant,,mismatch,mismatch,No Match
D11,0.103238201,7,0.409511492,0.102150437,18,-0.343503638,17,8,1,77,Non-Resistant,,mismatch,mismatch,No Match
D12,0.080346752,12,0.456298129,0.052791452,1,-0.222622572,1,6,0,78,Non-Resistant,,Both NR,mismatch,Match
E01,0.079088215,6,0.378525463,0.104105863,1,-0.242148017,1,7,0,79,Non-Resistant,,Both NR,mismatch,Match
E02,0.072711925,10,0.404847685,0.06598202,1,-0.167695201,1,6,0,80,Non-Resistant,,Both NR,mismatch,Match
E03,0.086164113,9,0.378070744,0.05840933,28,-0.388696273,24,8,1,81,Non-Resistant,,mismatch,mismatch,No Match
E04,0.103052383,5,0.378940566,0.075721399,25,-0.086196249,22,10,1,82,Non-Resistant,,mismatch,mismatch,No Match
E05,0.080346756,7,0.393841047,0.081219254,5,-0.204274626,5,8,1,83,Non-Resistant,,mismatch,mismatch,No Match
E06,0.085819105,7,0.385040637,0.048190371,1,0.058418891,1,6,0,84,Resistant,,mismatch,mismatch,No Match
E07,0.072402782,10,0.392934039,0.042457715,1,-0.054221648,1,6,0,85,Non-Resistant,,Both NR,mismatch,Match
E08,0.074670673,7,0.39478299,0.060200949,1,0.009056226,1,7,0,86,Resistant,,mismatch,mismatch,No Match
E09,0.083121366,7,0.388089709,0.051399033,1,-0.268886125,1,5,0,87,Non-Resistant,,Both NR,mismatch,Match
E10,0.086431305,1,0.41538952,0.073810659,36,0.16102403,28,12,1,88,Resistant,,mismatch,Both R,Match
E11,0.07069905,7,0.399262046,0.06032949,24,-0.304991261,21,8,1,89,Non-Resistant,,mismatch,mismatch,No Match
E12,0.090745082,12,0.392754943,0.077926459,21,-0.26169676,18,9,1,90,Non-Resistant,,mismatch,mismatch,No Match
F01,0.100775918,10,0.407328106,0.063808285,1,-0.088683541,1,7,0,91,Non-Resistant,,Both NR,mismatch,Match
F02,0.081014868,7,0.422829826,0.056859714,1,-0.060092633,1,7,0,92,Non-Resistant,,Both NR,mismatch,Match
F03,0.10070271,11,0.402427884,0.104247378,33,-0.173308085,29,10,1,93,Non-Resistant,,mismatch,mismatch,No Match
F04,0.085544364,10,0.405240875,0.061307339,1,-0.096313621,1,7,0,94,Non-Resistant,,Both NR,mismatch,Match
F05,0.08448578,8,0.421761064,0.055311293,1,0.077102267,1,7,0,95,Resistant,,mismatch,mismatch,No Match
F06,0.07825581,7,0.362799436,0.072594693,37,-0.141109904,31,10,1,96,Non-Resistant,,mismatch,mismatch,No Match
F07,0.084754112,6,0.388581046,0.044242773,35,-0.089474438,26,9,1,97,Non-Resistant,,mismatch,mismatch,No Match
F08,0.099383394,5,0.390717004,0.064750675,1,-0.10642477,1,7,0,17.999,Non-Resistant,,Both NR,mismatch,Match
F09,0.103884727,1,0.409054121,0.038156285,19,-0.474368943,14,5,0,388,Non-Resistant,,Both NR,mismatch,Match
F10,0.05944775,6,0.339275829,0.078252022,1,-0.442389773,1,6,0,416,Non-Resistant,,Both NR,mismatch,Match
F11,0.09050087,9,0.398884258,0.175769604,7,-0.276579731,7,8,1,505,Non-Resistant,,mismatch,mismatch,No Match
F12,0.068691445,7,0.336454615,0.095133423,25,-0.655702501,24,9,1,523,Non-Resistant,,mismatch,mismatch,No Match
G01,0.067107707,10,0.366495789,0.036666494,1,-0.40930686,1,3,0,568,Non-Resistant,,Both NR,mismatch,Match
G02,0.068033108,8,0.409021943,0.034016194,1,-0.282178678,1,4,0,731,Non-Resistant,,Both NR,mismatch,Match
G03,0.082734532,16,0.430868602,0.029820945,1,-0.630681577,1,3,0,768,Non-Resistant,,Both NR,mismatch,Match
G04,0.081605248,8,0.405834803,0.0436789,36,-0.095623918,26,9,1,777,Non-Resistant,,mismatch,mismatch,No Match
G05,0.073864157,7,0.373525606,0.040621282,36,-0.460404249,29,7,0,1006,Non-Resistant,,Both NR,mismatch,Match
G06,0.06976336,7,0.416506741,0.064239678,1,0.14636963,1,8,1,1026,Resistant,,mismatch,Both R,Match
G07,0.067800292,5,0.461083127,0.063634815,16,0.080126762,13,9,1,1187,Resistant,,mismatch,Both R,Match
G08,0.081034244,14,0.396113474,0.05339615,28,-0.667221631,24,8,1,1228,Non-Resistant,,mismatch,mismatch,No Match
G09,0.072653211,11,0.416595987,0.048021116,1,-0.326680202,1,5,0,1245,Non-Resistant,,Both NR,mismatch,Match
G10,0.086360997,8,0.414737498,0.058168592,1,-0.145168125,1,6,0,1681,Non-Resistant,,Both NR,mismatch,Match
G11,0.077187097,8,0.412631831,0.047046726,1,0.004451666,1,6,0,2433,Resistant,,mismatch,mismatch,No Match
G12,0.076811322,7,0.402723065,0.050944177,1,0.012578372,1,6,0,2489,Resistant,,mismatch,mismatch,No Match
H01,0.116157328,14,0.408740952,0.033659178,1,-0.156174058,1,4,0,2572,Non-Resistant,,Both NR,mismatch,Match
H02,0.086071697,9,0.420194736,0.043146905,1,0.009865891,1,6,0,2577,Resistant,,mismatch,mismatch,No Match
H03,0.079237162,7,0.387259101,0.055352697,36,-0.362255933,31,8,1,2578,Non-Resistant,,mismatch,mismatch,No Match
H04,0.083490863,6,0.403937119,0.046065851,1,0.118599143,1,7,0,2600,Resistant,,mismatch,mismatch,No Match
H05,0.076314035,8,0.393025022,0.06340307,1,-0.07397172,1,7,0,2629,Non-Resistant,,Both NR,mismatch,Match
H06,0.082787713,7,0.41563871,0.051708385,1,0.040980014,1,6,0,2701,Resistant,,mismatch,mismatch,No Match
H07,0.085111832,5,0.384014664,0.055727932,1,0.060380877,1,7,0,2791,Resistant,,mismatch,mismatch,No Match
H08,0.087820664,5,0.405037549,0.050278052,1,0.031592572,1,6,0,2804.999,Resistant,,mismatch,mismatch,No Match
H09,0.076223436,7,0.365957608,0.03648443,1,-0.22776561,1,4,0,2888,Non-Resistant,,Both NR,mismatch,Match
H10,0.071020613,7,0.366705129,0.041364543,1,-0.38049065,1,4,0,2889,Non-Resistant,,Both NR,mismatch,Match
H11,0.080900233,8,0.406980552,0.040189911,1,-0.346391706,1,4,0,2890,Non-Resistant,,Both NR,mismatch,Match
H12,0.090662259,13,0.419959078,0.030594055,13,-0.459906458,13,5,0,2904,Non-Resistant,,Both NR,mismatch,Match
A01,0.083329255,13,0.386827986,0.082485214,11,-0.13066198,11,9,1,166,Non-Resistant,,mismatch,mismatch,No Match
A02,0.093097703,1,0.388769879,0.084145842,33,-0.423551491,31,9,1,371,Non-Resistant,,mismatch,mismatch,No Match
A03,0.099480232,7,0.362071972,0.086690687,22,-0.310716861,20,9,1,372,Non-Resistant,,mismatch,mismatch,No Match
A04,0.069514512,25,0.234957854,0.086508289,15,-0.393993843,15,8,1,373,Non-Resistant,,mismatch,mismatch,No Match
A05,0.106967684,9,0.33551626,0.098840516,8,0.036993023,7,9,1,745,Resistant,,mismatch,Both R,Match
A06,0.046615203,3,0.345139801,0.076185994,10,-0.330419625,10,9,1,746,Non-Resistant,,mismatch,mismatch,No Match
A07,0.085190756,19,0.405976713,0.117349643,17,-0.099194215,15,10,1,747,Non-Resistant,,mismatch,mismatch,No Match
A08,0.078008939,5,0.479464092,0.088793493,42,-0.420601835,41,9,1,783,Non-Resistant,,mismatch,mismatch,No Match
A09,0.106968831,1,0.315697227,0.12445286,42,-0.531412297,41,9,1,794,Non-Resistant,,mismatch,mismatch,No Match
A10,0.122109316,1,0.039269219,0.041031062,11,-0.656710664,9,5,0,894,Non-Resistant,,Both NR,mismatch,Match
A11,0.101872205,13,0.301507282,0.069977709,16,-0.616279766,15,7,0,2321,Non-Resistant,,Both NR,mismatch,Match
A12,0.082245998,4,0.275053781,0.062042631,3,-0.275209112,3,7,0,2322,Non-Resistant,,Both NR,mismatch,Match
B01,0.098134544,10,0.38019136,0.069080195,4,-0.015543837,3,8,1,2395,Resistant,,mismatch,Both R,Match
B02,0.061141913,10,0.347048432,0.059117721,40,-0.250491098,35,9,1,2396,Non-Resistant,,mismatch,mismatch,No Match
B03,0.075255982,12,0.277141689,0.055438338,11,-0.047872261,9,8,1,2480,Non-Resistant,,mismatch,mismatch,No Match
B04,0.090048254,14,0.241358474,0.075424467,5,-0.396368987,6,7,0,2486,Non-Resistant,,Both NR,mismatch,Match
B05,0.072867077,18,0.211550611,0.153871756,4,-0.073829069,5,9,1,2491,Non-Resistant,,mismatch,mismatch,No Match
B06,0.066607741,1,0.421035664,0.063611385,6,-0.358919016,6,6,0,2492,Non-Resistant,,Both NR,mismatch,Match
B07,0.07103257,4,0.265132468,0.056034214,7,-0.562440529,6,6,0,2521,Non-Resistant,,Both NR,mismatch,Match
B08,0.116653994,9,0.26528094,0.122249892,30,-0.295493756,30,10,1,2529,Non-Resistant,,mismatch,mismatch,No Match
B09,0.087534922,1,0.350610103,0.060043329,4,-0.514944767,4,6,0,2580,Non-Resistant,,Both NR,mismatch,Match
B10,0.119331962,1,0.350889689,0.113891869,30,-0.506872122,30,9,1,2753,Non-Resistant,,mismatch,mismatch,No Match
B11,0.101629537,13,0.385556666,0.067832949,33,-0.214817409,30,9,1,3047,Non-Resistant,,mismatch,mismatch,No Match
B12,0.089766049,4,0.365925664,0.071061467,1,0.025874497,1,7,0,3096,Resistant,,mismatch,mismatch,No Match
C01,0.087586692,12,0.450380643,0.078021964,44,-0.050713374,37,11,1,3129,Non-Resistant,,mismatch,mismatch,No Match
C02,0.095507333,9,0.369410375,0.069534099,4,-0.12669905,5,8,1,3398,Non-Resistant,,mismatch,mismatch,No Match
C03,0.120218532,1,0.416338125,0.098682033,4,-0.151165992,4,8,1,3400,Non-Resistant,,mismatch,mismatch,No Match
C04,0.08661771,9,0.381796452,0.074428856,19,-0.112179151,17,10,1,3719,Non-Resistant,,mismatch,mismatch,No Match
C05,0.11339923,9,0.363679286,0.098843139,3,0.022656694,3,9,1,3792,Resistant,,mismatch,Both R,Match
C06,0.125192798,5,0.379830558,0.098531582,4,-0.362810535,4,7,0,3870,Non-Resistant,,Both NR,mismatch,Match
C07,0.06306856,7,0.399305491,0.048032885,1,-0.482277905,1,4,0,140,Non-Resistant,,Both NR,mismatch,Match
C08,0.082968907,15,0.465540646,0.099372037,1,-0.137979437,1,7,0,141,Non-Resistant,,Both NR,mismatch,Match
C09,0.076108264,7,0.362723748,0.043425254,46,0.080879574,30,9,1,147,Resistant,,mismatch,Both R,Match
C10,0.07299887,4,0.460275878,0.058420626,1,0.215800573,1,8,1,161,Resistant,,mismatch,Both R,Match
C11,0.061339923,19,0.372940868,0.046510279,1,-0.27782004,1,5,0,408,Non-Resistant,,Both NR,mismatch,Match
C12,0.078608319,16,0.393287776,0.054449188,1,-0.575572516,1,5,0,411,Non-Resistant,,Both NR,mismatch,Match
D01,0.089906284,5,0.495798561,0.065843826,26,0.11868577,20,10,1,492,Resistant,,mismatch,Both R,Match
D02,0.072970429,8,0.402323239,0.058299685,1,-0.189395956,1,6,0,524,Non-Resistant,,Both NR,mismatch,Match
D03,0.100107823,10,0.419800901,0.063367495,1,0.375363672,1,8,1,559,Resistant,,mismatch,Both R,Match
D04,0.112657554,10,0.461445526,0.067347418,4,-0.014127889,3,8,1,566,Non-Resistant,,mismatch,mismatch,No Match
D05,0.075143536,12,0.377655692,0.045334457,1,-0.304054506,1,5,0,582,Non-Resistant,,Both NR,mismatch,Match
D06,0.117762609,7,0.479362498,0.076967797,1,-0.334630584,1,6,0,585,Non-Resistant,,Both NR,mismatch,Match
D07,0.071443722,4,0.43136718,0.055965895,1,-0.198752379,1,6,0,608,Non-Resistant,,Both NR,mismatch,Match
D08,0.078259853,13,0.411043237,0.080764338,1,0.01289295,1,8,1,677,Resistant,,mismatch,Both R,Match
D09,0.083127306,1,0.396805887,0.069770005,1,-0.14560068,1,6,0,678,Non-Resistant,,Both NR,mismatch,Match
D10,0.114866666,12,0.385616938,0.057771414,1,-0.381165409,1,5,0,696,Non-Resistant,,Both NR,mismatch,Match
D11,0.077094016,12,0.430157704,0.031259778,1,-0.583668861,1,3,0,820,Non-Resistant,,Both NR,mismatch,Match
D12,0.086732896,2,0.415841789,0.0633653,1,-0.227785163,1,6,0,2473,Non-Resistant,,Both NR,mismatch,Match
E01,0.072433256,1,0.43179854,0.052430675,1,-0.48589974,1,5,0,2568,Non-Resistant,,Both NR,mismatch,Match
E02,0.072037167,8,0.418479689,0.058694977,1,-0.471226907,1,5,0,2741,Non-Resistant,,Both NR,mismatch,Match
E03,0.071949465,8,0.407939981,0.068216725,1,-0.249705169,1,6,0,2885,Non-Resistant,,Both NR,mismatch,Match
E04,0.063313837,1,0.359802416,0.076654162,1,-0.453051542,1,6,0,3024,Non-Resistant,,Both NR,mismatch,Match
E05,0.088657945,1,0.447238293,0.076048375,1,-0.198192181,1,7,0,3141,Non-Resistant,,Both NR,mismatch,Match
E06,0.070052881,13,0.426449338,0.03009383,1,-0.465030849,1,3,0,3239,Non-Resistant,,Both NR,mismatch,Match
E07,0.078030309,12,0.419400988,0.053443656,1,-0.316965276,1,6,0,3255,Non-Resistant,,Both NR,mismatch,Match
E08,0.084561067,19,0.437440446,0.053375339,1,-0.194698503,1,6,0,3506,Non-Resistant,,Both NR,mismatch,Match
E09,0.073680534,8,0.402420416,0.051428061,1,-0.403622614,1,4,0,3877,Non-Resistant,,Both NR,mismatch,Match
E10,0.099784935,6,0.449142459,0.07109401,31,0.033081699,26,10,1,62.1,Resistant,,mismatch,Both R,Match
E11,0.085346351,10,0.048717537,0.02501435,45,-0.330241998,35,7,0,135,Non-Resistant,,Both NR,mismatch,Match
E12,0.091064197,14,0.359481059,0.057943324,1,-0.317973429,1,6,0,138,Non-Resistant,,Both NR,mismatch,Match
F01,0.143747837,10,-0.008648494,0.110681565,41,-0.649049427,43,9,1,142,Non-Resistant,,mismatch,mismatch,No Match
F02,0.065741346,19,0.067725448,0.035092744,1,-0.287404288,1,4,0,154,Non-Resistant,,Both NR,mismatch,Match
F03,0.05857591,4,0.12249203,0.045937331,4,-0.368085326,6,5,0,155,Non-Resistant,,Both NR,mismatch,Match
F04,0.090283193,9,0.147265369,0.064392563,27,-0.573357968,26,8,1,158,Non-Resistant,,mismatch,mismatch,No Match
F05,0.086866911,1,0.450833354,0.079077949,1,-0.152338042,1,7,0,159,Non-Resistant,,Both NR,mismatch,Match
F06,0.10819585,8,0.416324588,0.104869872,33,0.018674546,29,11,1,162,Resistant,,mismatch,Both R,Match
F07,0.073842938,14,0.42175344,0.070266257,2,-0.367101671,2,6,0,195,Non-Resistant,,Both NR,mismatch,Match
F08,0.050442956,1,0.061090409,0.030805866,16,-0.611410364,14,5,0,377,Non-Resistant,,Both NR,mismatch,Match
F09,0.093558644,1,0.242927361,0.043225053,9,-0.507266488,8,5,0,502,Non-Resistant,,Both NR,mismatch,Match
F10,0.07482733,15,0.439271712,0.044890873,1,-0.357845097,1,4,0,539,Non-Resistant,,Both NR,mismatch,Match
F11,0.05716941,3,0.347012425,0.020416038,11,-0.671946155,8,4,0,541,Non-Resistant,,Both NR,mismatch,Match
F12,0.068775006,1,0.366655364,0.033438299,5,-0.536906813,5,4,0,758,Non-Resistant,,Both NR,mismatch,Match
G01,0.074839502,10,0.14581229,0.026415535,1,-0.350386699,1,3,0,759,Non-Resistant,,Both NR,mismatch,Match
G02,0.063094829,19,0.185942215,0.031467559,1,-0.644119917,1,3,0,796,Non-Resistant,,Both NR,mismatch,Match
G03,0.070673819,19,0.124586297,0.042505512,2,-0.505349564,2,5,0,797,Non-Resistant,,Both NR,mismatch,Match
G04,0.040411046,17,-0.100408256,0.164000713,31,-0.401549151,30,9,1,844,Non-Resistant,,mismatch,mismatch,No Match
G05,0.12471214,5,0.412120765,0.017638,5,-0.630626981,4,4,0,845,Non-Resistant,,Both NR,mismatch,Match
G06,0.13138648,4,0.371882432,0.068980345,9,0.294919143,6,9,1,930,Resistant,,mismatch,Both R,Match
G07,0.056566513,8,0.009113516,0.033827935,30,-0.713050135,26,6,0,931,Non-Resistant,,Both NR,mismatch,Match
G08,0.05160827,9,0.099131736,0.026586871,21,-0.266954371,19,6,0,974,Non-Resistant,,Both NR,mismatch,Match
G09,0.049060947,1,0.159101278,0.04680955,27,-0.541833401,25,7,0,1401,Non-Resistant,,Both NR,mismatch,Match
G10,0.056075387,8,0.129556877,0.026398465,15,-0.564198519,13,5,0,1645,Non-Resistant,,Both NR,mismatch,Match
G11,0.063434713,12,0.165146708,0.030752762,41,-0.236537375,37,7,0,1646,Non-Resistant,,Both NR,mismatch,Match
G12,0.099971922,10,0.341008372,0.023973832,6,-0.586132309,6,4,0,1647,Non-Resistant,,Both NR,mismatch,Match
H01,0.037277057,14,0.131018165,0.058739335,40,-0.367058525,38,8,1,1648,Non-Resistant,,mismatch,mismatch,No Match
H02,0.102151072,2,0.391550981,0.075187621,1,0.312681402,1,9,1,1649,Resistant,,mismatch,Both R,Match
H03,0.220744181,13,0.356870557,0.132993703,45,-0.093545015,43,11,1,1650,Resistant,,mismatch,Both R,Match
H04,0.100800864,3,0.358229347,0.112004813,4,0.30553274,3,10,1,1651,Resistant,,mismatch,Both R,Match
H05,0.07852735,8,0.429703992,0.042215193,1,-0.01163554,1,6,0,1659,Resistant,,mismatch,mismatch,No Match
H06,0.190098103,19,0.147809651,0.074808461,2,-0.219335651,2,8,1,1660,Non-Resistant,,mismatch,mismatch,No Match
H07,0.065605642,10,0.361687452,0.058289662,7,-0.536955871,7,6,0,2439,Non-Resistant,,Both NR,mismatch,Match
H08,0.06717276,10,0.210354383,0.068994982,1,-0.459171674,1,5,0,2440,Non-Resistant,,Both NR,mismatch,Match
H09,0.057513491,12,0.282412246,0.04191923,33,-0.662080799,30,7,0,2581,Non-Resistant,,Both NR,mismatch,Match
H10,0.068467224,20,-0.076058137,0.051487719,23,-0.663135581,20,6,0,2599,Non-Resistant,,Both NR,mismatch,Match
H11,0.04160905,4,0.014757006,0.024732084,24,-0.501272086,23,6,0,2605,Non-Resistant,,Both NR,mismatch,Match
H12,0.052534356,20,0.137960071,0.014849103,4,-0.787379787,9,4,0,2666,Non-Resistant,,Both NR,mismatch,Match
A01,0.046426162,12,0.422594767,0.042103864,10,0.028917657,6,7,0,2752,Resistant,,mismatch,mismatch,No Match
A02,0.032862225,11,0.41561647,0.028020606,5,-0.177420024,4,5,0,2864,Non-Resistant,,Both NR,mismatch,Match
A03,0.044269965,9,0.435495434,0.049831171,46,-0.498144894,44,7,0,2873,Non-Resistant,,Both NR,mismatch,Match
A04,0.06039409,15,0.44826156,0.041043551,32,-0.639835676,31,7,0,2972,Non-Resistant,,Both NR,mismatch,Match
A05,0.072688761,14,0.383693932,0.035602321,10,-0.597571604,10,5,0,3056,Non-Resistant,,Both NR,mismatch,Match
A06,0.055563046,11,0.357694233,0.043141356,3,-0.269750355,2,6,0,3057,Non-Resistant,,Both NR,mismatch,Match
A07,0.057282371,11,0.36539037,0.052750886,3,-0.420480334,2,6,0,3072,Non-Resistant,,Both NR,mismatch,Match
A08,0.060681309,14,0.371786137,0.018599933,5,-0.244086195,5,5,0,3120,Non-Resistant,,Both NR,mismatch,Match
A09,0.054375463,14,0.386896292,0.019302863,10,-0.656470514,10,5,0,3401,Non-Resistant,,Both NR,mismatch,Match
A10,0.066334613,10,0.392875992,0.057273552,6,-0.58240893,6,6,0,3411,Non-Resistant,,Both NR,mismatch,Match
A11,0.044626037,19,0.402087475,0.042233526,3,-0.585656293,3,5,0,3444,Non-Resistant,,Both NR,mismatch,Match
A12,0.067937772,1,0.269489796,0.019981885,42,-0.350185033,43,6,0,3504,Non-Resistant,,Both NR,mismatch,Match
B01,0.071762029,15,0.428153504,0.042564231,4,0.047913093,3,7,0,3536,Resistant,,mismatch,mismatch,No Match
B02,0.080551509,8,0.403019385,0.062527247,17,-0.479297052,14,7,0,3721,Non-Resistant,,Both NR,mismatch,Match
B03,0.050471506,15,0.407840959,0.05094391,42,-0.107545725,33,9,1,3722,Non-Resistant,,mismatch,mismatch,No Match
B04,0.070173783,9,0.420244071,0.05768084,16,0.047551225,13,9,1,3725,Resistant,,mismatch,Both R,Match
B05,0.071932211,13,0.396856262,0.113830049,10,0.351817438,10,11,1,3735,Resistant,,mismatch,Both R,Match
B06,0.041175231,19,0.392435974,0.045327043,1,-0.413533284,1,4,0,3772,Non-Resistant,,Both NR,mismatch,Match
B07,0.049723819,15,0.377604364,0.136933732,17,0.366715884,15,11,1,3775,Resistant,,mismatch,Both R,Match
B08,0.039743666,11,0.380730773,0.033433517,1,-0.575544284,1,3,0,3816,Non-Resistant,,Both NR,mismatch,Match
B09,0.061424366,15,0.391053876,0.029349838,5,-0.700373367,9,4,0,3817,Non-Resistant,,Both NR,mismatch,Match
B10,0.055986316,7,0.425434958,0.029106847,2,-0.390060289,5,4,0,3820,Non-Resistant,,Both NR,mismatch,Match
B11,0.06549975,15,0.396106464,0.038411068,15,-0.643758032,20,5,0,3821,Non-Resistant,,Both NR,mismatch,Match
B12,0.080097886,1,0.365541625,0.037585418,24,-0.275416013,21,6,0,3832,Non-Resistant,,Both NR,mismatch,Match
C01,0.073942201,11,0.379593891,0.109348435,2,-0.073941643,2,9,1,3833,Non-Resistant,,mismatch,mismatch,No Match
C02,0.065736505,14,0.365440583,0.090884412,5,0.129270317,4,10,1,3834,Resistant,,mismatch,Both R,Match
C03,0.070750481,12,0.398411654,0.033041817,28,-0.50676199,24,6,0,3835,Non-Resistant,,Both NR,mismatch,Match
C04,0.066096711,11,0.388861763,0.136023234,19,-0.16042959,17,9,1,3836,Non-Resistant,,mismatch,mismatch,No Match
C05,0.067948291,14,0.386565718,0.039593957,18,-0.540483894,16,6,0,3837,Non-Resistant,,Both NR,mismatch,Match
C06,0.066074002,14,0.387046056,0.109223823,5,-0.399628592,5,7,0,3838,Non-Resistant,,Both NR,mismatch,Match
C07,0.065721668,10,0.383245374,0.044181636,28,-0.663417459,26,7,0,3867,Non-Resistant,,Both NR,mismatch,Match
C08,0.052200961,1,0.409557173,0.030190196,3,-0.656044441,5,4,0,3872,Non-Resistant,,Both NR,mismatch,Match
C09,0.069135851,10,0.404313054,0.046578736,35,-0.001952545,25,9,1,2826,Resistant,,mismatch,Both R,Match
C10,0.074680934,12,0.352479826,0.059583334,41,-0.12872685,35,9,1,3284,Non-Resistant,,mismatch,mismatch,No Match
C11,0.05755314,15,0.338683859,0.038626348,36,0.276586637,22,8,1,3290,Resistant,,mismatch,Both R,Match
C12,0.059000266,14,0.338936366,0.02470772,19,-0.16003453,11,6,0,3312,Non-Resistant,,Both NR,mismatch,Match
D01,0.042252341,19,0.37683799,0.02788841,22,-0.4576898,17,5,0,3452,Non-Resistant,,Both NR,mismatch,Match
D02,0.064728799,15,0.367615066,0.042157453,1,0.212688528,1,7,0,3468,Resistant,,mismatch,mismatch,No Match
D03,0.107406791,12,0.479777084,0.071398721,17,-0.498457973,17,7,0,99,Non-Resistant,,Both NR,mismatch,Match
D04,0.097725769,8,0.423428034,0.055858608,11,-0.269790799,11,8,1,104,Non-Resistant,,mismatch,mismatch,No Match
D05,0.140038403,11,0.458604362,0.042667336,43,-0.04944081,32,9,1,107,Non-Resistant,,mismatch,mismatch,No Match
D06,0.103623326,8,0.451024893,0.061027107,42,-0.315785206,37,9,1,108,Non-Resistant,,mismatch,mismatch,No Match
D07,0.064354232,15,0.390695419,0.059705259,29,-0.347017427,27,8,1,109,Non-Resistant,,mismatch,mismatch,No Match
D08,0.078280905,20,0.352161127,0.043125452,43,0.194734006,28,10,1,110,Resistant,,mismatch,Both R,Match
D09,0.147806156,17,0.385856842,0.11942848,10,-0.24103185,10,9,1,113,Non-Resistant,,mismatch,mismatch,No Match
D10,0.088583952,11,0.331821675,0.062262505,37,-0.104073637,31,10,1,118,Non-Resistant,,mismatch,mismatch,No Match
D11,0.112274538,24,0.402382696,0.050779309,14,-0.279929407,13,7,0,121,Non-Resistant,,Both NR,mismatch,Match
D12,0.074466749,12,0.347058044,0.097031933,12,0.087540429,12,10,1,122,Resistant,,mismatch,Both R,Match
E01,0.042411107,11,0.492063844,0.061491647,37,0.152410705,30,11,1,124,Resistant,,mismatch,Both R,Match
E02,0.061332609,19,0.353861572,0.071382492,4,-0.332380231,6,6,0,125,Non-Resistant,,Both NR,mismatch,Match
E03,0.057334616,19,0.361851139,0.026936616,11,-0.655472064,10,5,0,126,Non-Resistant,,Both NR,mismatch,Match
E04,0.117178565,12,0.417423817,0.046352318,14,-0.131105887,12,7,0,167,Non-Resistant,,Both NR,mismatch,Match
E05,0.059187816,14,0.393002973,0.036664953,1,-0.037723944,1,5,0,176,Resistant,,mismatch,mismatch,No Match
E06,0.056368513,18,0.349943056,0.045320718,46,-0.436345812,40,7,0,177,Non-Resistant,,Both NR,mismatch,Match
E07,0.077966304,11,0.383211454,0.044035381,44,-0.310958046,39,8,1,181,Non-Resistant,,mismatch,mismatch,No Match
E08,0.089681359,13,0.367004832,0.068230804,42,-0.51012133,40,8,1,182,Non-Resistant,,mismatch,mismatch,No Match
E09,0.045837212,9,0.3765485,0.048345064,1,-0.008378596,1,6,0,183,Resistant,,mismatch,mismatch,No Match
E10,0.090951082,11,0.412150227,0.03992839,11,-0.096829526,9,7,0,185,Non-Resistant,,Both NR,mismatch,Match
E11,0.073670122,13,0.293782281,0.048980046,16,0.260800509,16,9,1,186,Resistant,,mismatch,Both R,Match
E12,0.061038474,7,0.407474249,0.048823518,14,0.240162881,10,9,1,187,Resistant,,mismatch,Both R,Match
F01,0.035144238,23,0.369186644,0.052343626,41,-0.524285068,37,8,1,190,Non-Resistant,,mismatch,mismatch,No Match
F02,0.083186695,12,0.330860316,0.049717394,18,-0.242042692,18,7,0,192,Non-Resistant,,Both NR,mismatch,Match
F03,0.060089287,13,0.319488748,0.028961665,10,0.018898364,7,6,0,196,Resistant,,mismatch,mismatch,No Match
F04,0.159359967,14,0.453284611,0.055726971,11,-0.347693271,11,7,0,197,Non-Resistant,,Both NR,mismatch,Match
F05,0.060520092,14,0.367678823,0.032542873,2,-0.261622844,4,5,0,198,Non-Resistant,,Both NR,mismatch,Match
F06,0.071008091,13,0.312114387,0.037751299,21,-0.012701503,16,7,0,199,Non-Resistant,,Both NR,mismatch,Match
F07,0.069768258,14,0.355220907,0.032973768,17,0.076756744,11,7,0,200,Resistant,,mismatch,mismatch,No Match
F08,0.082984613,4,0.382629326,0.191403428,4,0.41604669,4,10,1,201,Resistant,,mismatch,Both R,Match
F09,0.056712268,1,0.151797537,0.100183113,3,-0.310671451,5,8,1,202,Non-Resistant,,mismatch,mismatch,No Match
F10,0.072131446,14,0.282880914,0.040114416,24,0.16181308,18,9,1,205,Resistant,,mismatch,Both R,Match
F11,0.104753835,14,0.309110784,0.094810123,9,0.126263306,9,10,1,206,Resistant,,mismatch,Both R,Match
F12,0.054686297,11,0.314605179,0.093313473,14,0.328557864,14,11,1,207,Resistant,,mismatch,Both R,Match
G01,0.058990013,11,0.425092227,0.059448983,41,-0.418516653,37,8,1,208,Non-Resistant,,mismatch,mismatch,No Match
G02,0.055972719,13,0.400652422,0.038233259,13,0.119943606,10,8,1,209,Resistant,,mismatch,Both R,Match
G03,0.063661671,15,0.420659335,0.059529105,35,-0.202762573,31,9,1,210,Non-Resistant,,mismatch,mismatch,No Match
G04,0.076501713,12,0.370183859,0.069636013,35,-0.215900737,31,9,1,211,Non-Resistant,,mismatch,mismatch,No Match
G05,0.073344002,24,0.420697815,0.090841791,29,-0.414953748,29,9,1,212,Non-Resistant,,mismatch,mismatch,No Match
G06,0.077811174,15,0.405480387,0.07583929,42,-0.448774216,40,9,1,213,Non-Resistant,,mismatch,mismatch,No Match
G07,0.099545072,1,0.350085331,0.030996306,5,-0.168313871,6,5,0,214,Resistant,,mismatch,mismatch,No Match
G08,0.03940344,5,-0.066730377,0.033911845,41,-0.292298597,32,7,0,215,Non-Resistant,,Both NR,mismatch,Match
G09,0.097163923,11,0.397898243,0.151534001,2,0.35595397,2,10,1,216,Resistant,,mismatch,Both R,Match
G10,0.049493715,11,0.144426612,0.128760257,14,0.130300484,14,11,1,217,Resistant,,mismatch,Both R,Match
G11,0.073805533,3,-0.127429026,0.045727053,3,-0.736405229,8,5,0,218,Non-Resistant,,Both NR,mismatch,Match
G12,0.057424916,8,0.309355241,0.033272623,22,0.024640369,14,7,0,219,Resistant,,mismatch,mismatch,No Match
H01,0.0537446,13,0.379513036,0.05232313,35,-0.407205697,34,8,1,220,Non-Resistant,,mismatch,mismatch,No Match
H02,0.062281709,8,0.018531513,0.144669247,5,-0.091712874,5,9,1,221,Non-Resistant,,mismatch,mismatch,No Match
H03,0.04915519,12,0.279982731,0.049793175,7,-0.303472036,7,6,0,222,Non-Resistant,,Both NR,mismatch,Match
H04,0.049154614,10,0.075511028,0.036947247,6,-0.69432339,8,4,0,223,Non-Resistant,,Both NR,mismatch,Match
H05,0.135218638,1,0.372680158,0.108180559,14,-0.086765611,14,10,1,224,Non-Resistant,,mismatch,mismatch,No Match
H06,0.047451712,7,0.086445528,0.130895932,11,-0.669821638,11,8,1,225,Non-Resistant,,mismatch,mismatch,No Match
H07,0.063127388,22,0.291800513,0.061949073,4,-0.52956219,5,6,0,226,Non-Resistant,,Both NR,mismatch,Match
H08,0.111217978,1,0.397885543,0.044133516,35,-0.65158302,32,7,0,227,Non-Resistant,,Both NR,mismatch,Match
H09,0.151673155,13,0.266494437,0.09368808,23,-0.404739409,22,8,1,228,Non-Resistant,,mismatch,mismatch,No Match
H10,0.073992736,6,0.10126033,0.055500675,33,0.104651093,27,11,1,229,Resistant,,mismatch,Both R,Match
H11,0.051238031,13,0.005765824,0.045286448,43,-0.523207965,39,7,0,230,Non-Resistant,,Both NR,mismatch,Match
H12,0.090049715,13,0.391789615,0.036554225,27,-0.160367046,24,7,0,231,Non-Resistant,,Both NR,mismatch,Match
A01,0.074516475,10,0.251806358,0.026018666,43,-0.326618281,34,7,0,392,Non-Resistant,,Both NR,mismatch,Match
A02,0.125710773,8,0.398093711,0.084657049,1,-0.092810835,1,8,1,971,Non-Resistant,,mismatch,mismatch,No Match
A03,0.086908271,10,0.434288659,0.102502007,4,-0.02169113,5,9,1,2449,Resistant,,mismatch,Both R,Match
A04,0.0913089,15,0.410943952,0.056068448,4,-0.020546508,4,8,1,2560,Resistant,,mismatch,Both R,Match
A05,0.088646153,10,0.397178328,0.086655041,15,0.358230664,13,11,1,2729,Resistant,,mismatch,Both R,Match
A06,0.072912699,7,0.381622354,0.064628573,1,0.203197936,1,8,1,2703,Resistant,,mismatch,Both R,Match
A07,0.088778567,6,0.394129424,0.065720177,3,0.309836275,3,9,1,2991,Resistant,,mismatch,Both R,Match
A08,0.099116811,11,0.391180121,0.042253918,9,0.188690422,8,8,1,2827,Resistant,,mismatch,Both R,Match
A09,0.07210345,8,0.38187522,0.053172509,5,-0.039769154,5,8,1,1417,Non-Resistant,,mismatch,mismatch,No Match
A10,0.10571449,4,0.366232924,0.085643019,8,0.191546699,7,10,1,2483,Resistant,,mismatch,Both R,Match
A11,0.071612779,10,0.393606192,0.05287095,12,0.156343725,10,10,1,2702,Resistant,,mismatch,Both R,Match
A12,0.06796142,6,0.372592045,0.046489156,18,0.254031625,14,9,1,814,Resistant,,mismatch,Both R,Match
B01,0.080748172,10,0.373691114,0.049542577,38,0.28411986,24,10,1,3853,Resistant,,mismatch,Both R,Match
B02,0.091302689,14,0.368239463,0.047046406,32,0.334830888,20,9,1,2878,Resistant,,mismatch,Both R,Match
B03,0.096915876,9,0.390466472,0.06570048,7,0.353829082,6,9,1,2450,Resistant,,mismatch,Both R,Match
B04,0.127841078,9,0.376151808,0.043924927,29,-0.011888482,22,8,1,3108,Resistant,,mismatch,Both R,Match
B05,0.073024923,10,0.370029858,0.047579343,22,-0.279650133,19,7,0,2754,Non-Resistant,,Both NR,mismatch,Match
B06,0.062662289,20,0.304863079,0.016358188,2,-0.645520971,3,4,0,2403,Non-Resistant,,Both NR,mismatch,Match
B07,0.07105575,9,0.386495023,0.096206635,4,0.214774716,4,10,1,1416,Resistant,,mismatch,Both R,Match
B08,0.047996054,15,0.226804492,0.013428288,38,-0.708873153,35,6,0,1495,Non-Resistant,,Both NR,mismatch,Match
B09,0.09884722,3,0.463442291,0.114926501,32,-0.085680332,30,11,1,2999,Non-Resistant,,mismatch,mismatch,No Match
B10,0.137852394,7,0.463175441,0.104114236,12,0.257409491,11,11,1,2789,Resistant,,mismatch,Both R,Match
B11,0.110401755,22,0.258865628,0.082280541,25,-0.549328621,24,9,1,2513,Non-Resistant,,mismatch,mismatch,No Match
B12,0.080200553,9,0.361253478,0.053753879,46,-0.102126774,36,10,1,2875,Non-Resistant,,mismatch,mismatch,No Match
C01,0.071705708,8,0.368576087,0.038842976,12,0.184205776,11,8,1,2508,Resistant,,mismatch,Both R,Match
C02,0.089165311,10,0.311217114,0.01894121,12,-0.659965009,12,5,0,2644,Non-Resistant,,Both NR,mismatch,Match
C03,0.111556904,5,0.399586293,0.033693477,45,-0.137513218,32,7,0,543,Non-Resistant,,Both NR,mismatch,Match
C04,0.086076615,11,0.343933145,0.044382062,35,-0.16708988,30,8,1,546,Resistant,,mismatch,Both R,Match
C05,0.075055011,11,0.388683456,0.022837047,2,-0.373607237,2,4,0,538,Non-Resistant,,Both NR,mismatch,Match
C06,0.09909838,6,0.414295533,0.053458345,14,-0.502488272,12,7,0,3788,Non-Resistant,,Both NR,mismatch,Match
C07,0.066025575,14,0.395074695,0.047528339,23,-0.489310148,23,7,0,2739,Non-Resistant,,Both NR,mismatch,Match
C08,0.064873346,9,0.377739348,0.022437863,3,-0.488331204,4,4,0,2976,Non-Resistant,,Both NR,mismatch,Match
C09,0.116929936,8,0.502594623,0.196056594,8,-0.002800487,9,9,1,17,Resistant,,mismatch,Both R,Match
C10,0.080880643,15,0.445082405,0.072705073,21,-0.034246114,18,10,1,1063,Non-Resistant,,mismatch,mismatch,No Match
C11,0.189747217,10,0.378715725,0.150022243,38,0.023353258,37,11,1,1064,Resistant,,mismatch,Both R,Match
C12,0.112697203,9,0.349644774,0.115850896,22,-0.524177421,21,8,1,1151,Non-Resistant,,mismatch,mismatch,No Match
D01,0.110190851,16,0.282547782,0.038055403,22,-0.577733776,21,5,0,1337,Non-Resistant,,Both NR,mismatch,Match
D02,0.133461545,10,0.404576364,0.077295669,25,0.284809019,21,11,1,2904.1,Resistant,,mismatch,Both R,Match
D03,0.073034104,9,0.366455592,0.029202842,45,-0.167793927,30,7,0,1449,Non-Resistant,,Both NR,mismatch,Match
D04,0.078333804,19,0.33962324,0.011463096,44,-0.72723126,43,6,0,2908,Non-Resistant,,Both NR,mismatch,Match
D05,0.071863176,13,0.384720086,0.018977856,2,-0.580298224,3,4,0,3612,Non-Resistant,,Both NR,mismatch,Match
D06,0.084054188,20,0.386897716,0.026784632,19,-0.741144403,21,5,0,3630,Non-Resistant,,Both NR,mismatch,Match
D07,0.078181238,19,0.315670775,0.017344205,37,-0.614118129,35,6,0,3662,Non-Resistant,,Both NR,mismatch,Match
D08,0.07687662,9,0.388191979,0.032414604,31,-0.295057691,21,6,0,826,Non-Resistant,,Both NR,mismatch,Match
D09,0.082081729,10,0.35803252,0.023525752,28,-0.617986222,25,6,0,232,Non-Resistant,,Both NR,mismatch,Match
D10,0.101043763,5,0.474364994,0.115141246,28,-0.005018881,27,11,1,754,Non-Resistant,,mismatch,mismatch,No Match
D11,0.106803416,11,0.38155249,0.040750183,46,-0.391491669,39,7,0,667,Non-Resistant,,Both NR,mismatch,Match
D12,0.079565361,17,0.356739898,0.021224857,20,-0.702566954,22,5,0,975,Non-Resistant,,Both NR,mismatch,Match
E01,0.075460431,11,0.383329788,0.0227014,38,-0.465669734,30,6,0,956,Non-Resistant,,Both NR,mismatch,Match
E02,0.086049719,12,0.348810706,0.026833845,5,-0.407333452,4,4,0,695,Non-Resistant,,Both NR,mismatch,Match
E03,0.063934402,9,0.381844384,0.030156716,44,0.014380256,27,8,1,739,Resistant,,mismatch,Both R,Match
E04,0.08985605,9,0.356207524,0.039882614,13,-0.156945702,12,7,0,235,Non-Resistant,,Both NR,mismatch,Match
E05,0.084018705,11,0.332539542,0.044295168,46,0.017998989,32,9,1,3264,Resistant,,mismatch,Both R,Match
E06,0.087299099,15,0.2068212,0.022235336,23,-0.725476666,24,6,0,3265,Non-Resistant,,Both NR,mismatch,Match
E07,0.086246884,16,0.329808654,0.021712515,44,-0.388131341,32,6,0,3266,Non-Resistant,,Both NR,mismatch,Match
E08,0.092508386,15,0.378065912,0.042222379,31,-0.28191673,25,8,1,3311,Non-Resistant,,mismatch,mismatch,No Match
E09,0.101800716,10,0.366187942,0.050507499,22,-0.621039528,22,6,0,3313,Non-Resistant,,Both NR,mismatch,Match
E10,0.092871805,10,0.389248057,0.049411247,22,-0.130858054,19,7,0,3314,Non-Resistant,,Both NR,mismatch,Match
E11,0.1170753,11,0.320881847,0.017551893,35,-0.774317715,36,6,0,3315,Non-Resistant,,Both NR,mismatch,Match
E12,0.084236741,10,0.333203564,0.037370073,42,-0.074517359,31,8,1,3318,Non-Resistant,,mismatch,mismatch,No Match
F01,0.109682636,8,0.391452187,0.042628276,12,-0.43234534,13,6,0,3319,Non-Resistant,,Both NR,mismatch,Match
F02,0.083972175,15,0.360732718,0.039803134,27,0.078088668,24,9,1,3445,Resistant,,mismatch,Both R,Match
F03,0.074260076,10,0.379384414,0.025319028,19,-0.048814387,13,7,0,3447,Non-Resistant,,Both NR,mismatch,Match
F04,0.083354037,10,0.384792513,0.035428851,44,0.02105055,30,8,1,3448,Resistant,,mismatch,Both R,Match
F05,0.071957865,14,0.372331697,0.051859147,30,-0.030617539,25,9,1,3449,Resistant,,mismatch,Both R,Match
F06,0.08397225,10,0.384459706,0.047532328,17,-0.596772871,17,6,0,3451,Non-Resistant,,Both NR,mismatch,Match
F07,0.084223802,14,0.355457972,0.047188391,22,-0.039373048,18,8,1,3453,Non-Resistant,,mismatch,mismatch,No Match
F08,0.10196978,11,0.403923786,0.023318356,22,-0.427317137,20,5,0,3454,Non-Resistant,,Both NR,mismatch,Match
F09,0.119148394,10,0.371073542,0.042187708,4,-0.556048232,5,5,0,3455,Non-Resistant,,Both NR,mismatch,Match
F10,0.112401341,11,0.392974449,0.045624397,38,-0.153752726,31,8,1,3456,Non-Resistant,,mismatch,mismatch,No Match
F11,0.064669557,17,0.330424867,0.028189998,19,-0.550428992,18,5,0,3457,Non-Resistant,,Both NR,mismatch,Match
F12,0.091779764,10,0.360112268,0.027660654,4,-0.362369903,6,4,0,3458,Non-Resistant,,Both NR,mismatch,Match
G01,0.086712535,17,0.380440277,0.017558905,18,-0.477124794,18,5,0,3460,Non-Resistant,,Both NR,mismatch,Match
G02,0.077864907,15,0.343067782,0.03025764,46,-0.094071508,29,8,1,3461,Non-Resistant,,mismatch,mismatch,No Match
G03,0.082493748,15,0.340552367,0.047089587,38,0.342771168,27,10,1,3462,Resistant,,mismatch,Both R,Match
G04,0.078389588,10,0.395931751,0.041081079,28,-0.393045081,26,7,0,3466,Non-Resistant,,Both NR,mismatch,Match
G05,0.088657936,10,0.330603251,0.063928224,21,0.163635319,17,10,1,3467,Resistant,,mismatch,Both R,Match
G06,0.096530268,10,0.31044941,0.032186454,38,-0.644930608,36,6,0,3469,Non-Resistant,,Both NR,mismatch,Match
G07,0.077460954,10,0.371308842,0.061169174,38,-0.253861675,33,9,1,3470,Non-Resistant,,mismatch,mismatch,No Match
G08,0.087407261,10,0.253810248,0.021932353,19,-0.63353901,19,5,0,3471,Non-Resistant,,Both NR,mismatch,Match
G09,0.098519491,10,0.34914066,0.047327692,46,-0.388468015,41,7,0,3472,Non-Resistant,,Both NR,mismatch,Match
G10,0.078219449,9,0.245314165,0.029080465,34,-0.020513067,22,7,0,3486,Resistant,,mismatch,mismatch,No Match
G11,0.083653834,10,0.3437515,0.036071057,31,-0.545896019,29,6,0,3487,Non-Resistant,,Both NR,mismatch,Match
G12,0.127149995,11,0.313359564,0.060191831,46,-0.75518758,49,8,1,360,Non-Resistant,,mismatch,mismatch,No Match
H01,0.097659626,11,0.370702981,0.039964303,29,0.359809249,21,9,1,431,Resistant,,mismatch,Both R,Match
H02,0.080769306,11,0.412372825,0.030922777,32,-0.179148303,25,7,0,2592,Non-Resistant,,Both NR,mismatch,Match
H03,0.078870823,14,0.388951954,0.0330104,12,-0.005129262,11,7,0,2945,Non-Resistant,,Both NR,mismatch,Match
H04,0.123821779,7,0.428861402,0.058992996,33,0.067360066,28,10,1,361,Resistant,,mismatch,Both R,Match
H05,0.094396119,13,0.340666945,0.074072806,5,0.184727149,6,10,1,4000,Resistant,,mismatch,Both R,Match
H06,0.089008654,6,0.348001609,0.062050136,5,-0.324704303,6,7,0,1444,Non-Resistant,,Both NR,mismatch,Match
H07,0.110345158,6,0.378340965,0.06554948,26,-0.541888961,26,8,1,1603,Non-Resistant,,mismatch,mismatch,No Match
H08,0.119787521,12,0.414998,0.046273054,26,-0.759055044,28,7,0,1606,Non-Resistant,,Both NR,mismatch,Match
H09,0.081119523,9,0.432242138,0.056330906,20,-0.201559742,19,8,1,2397,Non-Resistant,,mismatch,mismatch,No Match
H10,0.093713968,16,0.40726414,0.042896645,32,-0.846621345,34,7,0,2733,Non-Resistant,,Both NR,mismatch,Match
H11,0.093122165,10,0.348581884,0.056874349,32,-0.628268391,31,8,1,2737,Non-Resistant,,mismatch,mismatch,No Match
H12,0.074825956,3,0.39573938,0.028364802,34,-0.063713203,25,8,1,3406,Non-Resistant,,mismatch,mismatch,No Match
A01,0.09589544,4,0.28528813,0.039161122,1,0.328455437,1,7,0,356,Resistant,,mismatch,mismatch,No Match
A02,0.054163035,30,0.222821515,0.065298116,26,0.462452128,23,11,1,357,Resistant,,mismatch,Both R,Match
A03,0.12233636,4,0.475545418,0.131682505,34,0.186564903,32,12,1,358,Resistant,,mismatch,Both R,Match
A04,0.062646839,15,0.325932955,0.042084994,36,0.093156276,26,9,1,430,Resistant,,mismatch,Both R,Match
A05,0.077888404,8,0.187726092,0.087603462,34,-0.316917669,34,10,1,463,Non-Resistant,,mismatch,mismatch,No Match
A06,0.203326412,8,0.144576359,0.103905927,6,-0.390132301,6,7,0,478,Non-Resistant,,Both NR,mismatch,Match
A07,0.1265369,4,0.461849814,0.038372317,40,0.197757819,27,9,1,479,Resistant,,mismatch,Both R,Match
A08,0.098677806,6,0.424236534,0.090322697,1,0.220011028,1,9,1,482,Resistant,,mismatch,Both R,Match
A09,0.095588048,12,0.455087908,0.073780593,28,0.145757308,24,12,1,619,Resistant,,mismatch,Both R,Match
A10,0.084157517,9,0.394472969,0.030087899,41,-0.299668061,33,7,0,620,Non-Resistant,,Both NR,mismatch,Match
A11,0.065940975,4,0.420494084,0.041607355,8,0.228254341,6,8,1,621,Resistant,,mismatch,Both R,Match
A12,0.10110054,5,0.252269583,0.06290548,11,0.053751148,11,9,1,671,Resistant,,mismatch,Both R,Match
B01,0.097720654,1,0.449031279,0.033197016,9,0.292585428,10,8,1,672,Resistant,,mismatch,Both R,Match
B02,0.112614029,10,0.476490218,0.039648331,3,0.211906543,10,9,1,684,Resistant,,mismatch,Both R,Match
B03,0.055455297,17,0.384130987,0.14004631,15,-0.147275218,16,9,1,816,Non-Resistant,,mismatch,mismatch,No Match
B04,0.09299398,8,0.300499879,0.104828665,27,-0.361083777,27,9,1,1406,Non-Resistant,,mismatch,mismatch,No Match
B05,0.141941808,2,0.344291591,0.085578897,3,-0.488302265,3,7,0,1407,Non-Resistant,,Both NR,mismatch,Match
B06,0.158651989,1,0.481032847,0.108787804,1,0.056545903,1,8,1,1408,Resistant,,mismatch,Both R,Match
B07,0.107885382,1,0.144604496,0.095094459,2,-0.38129694,2,7,0,1409,Non-Resistant,,Both NR,mismatch,Match
B08,0.082879534,6,0.402486043,0.03763158,43,0.103978899,28,8,1,1410,Resistant,,mismatch,Both R,Match
B09,0.130694371,1,0.111966613,0.134401499,20,0.004918079,21,10,1,1411,Resistant,,mismatch,Both R,Match
B10,0.078906879,10,0.430746042,0.067711245,46,0.122075748,37,11,1,1412,Resistant,,mismatch,Both R,Match
B11,0.093825995,9,0.408736568,0.043336877,29,-0.218025622,22,7,0,1413,Non-Resistant,,Both NR,mismatch,Match
B12,0.195757614,15,0.04169461,0.090789384,1,-0.437928087,1,6,0,1414,Non-Resistant,,Both NR,mismatch,Match
C01,0.063577604,34,0.16464736,0.076695162,34,-0.028144356,34,11,1,1415,Non-Resistant,,mismatch,mismatch,No Match
C02,0.089546089,10,0.174488257,0.111956419,8,-0.410755215,9,7,0,1431,Non-Resistant,,Both NR,mismatch,Match
C03,0.152716102,1,0.053666418,0.110339089,38,-0.524788992,38,9,1,2401,Non-Resistant,,mismatch,mismatch,No Match
C04,0.127252879,3,0.125419163,0.076157937,42,-0.064659642,42,11,1,2402,Non-Resistant,,mismatch,mismatch,No Match
C05,0.050363588,3,0.320492969,0.036175971,6,-0.377556713,9,4,0,2517,Non-Resistant,,Both NR,mismatch,Match
C06,0.107502986,10,0.398398055,0.038279699,10,0.084158798,11,7,0,2587,Resistant,,mismatch,mismatch,No Match
C07,0.04550462,18,0.282492835,0.062121823,34,-0.437657203,33,8,1,2683,Non-Resistant,,mismatch,mismatch,No Match
C08,0.07192042,3,0.054058782,0.071912091,23,-0.158654744,23,10,1,2688,Non-Resistant,,mismatch,mismatch,No Match
C09,0.106372598,14,0.368188446,0.0913186,18,-0.074295939,17,10,1,2695,Non-Resistant,,mismatch,mismatch,No Match
C10,0.09649715,5,0.395448953,0.068610582,43,0.121186548,35,11,1,2804,Resistant,,mismatch,Both R,Match
C11,0.081173245,9,0.404471196,0.039212485,1,-0.300952643,1,5,0,2808,Non-Resistant,,Both NR,mismatch,Match
C12,0.042099808,6,0.175031081,0.016238054,3,-0.433050628,4,4,0,2809,Non-Resistant,,Both NR,mismatch,Match
D01,0.056897538,3,0.349573156,0.027695794,1,0.311970403,1,6,0,2855,Resistant,,mismatch,mismatch,No Match
D02,0.067906671,4,0.135885742,0.02472471,3,-0.242446133,2,5,0,2947,Non-Resistant,,Both NR,mismatch,Match
D03,0.100365601,5,0.374074532,0.052300889,32,-0.001606988,25,10,1,2948,Resistant,,mismatch,Both R,Match
D04,0.095326706,10,0.3969116,0.027301559,43,-0.250629197,28,7,0,489,Non-Resistant,,Both NR,mismatch,Match
D05,0.059238869,4,0.432935112,0.018634547,5,-0.316915964,14,6,0,490,Non-Resistant,,Both NR,mismatch,Match
D06,0.099423561,13,0.378149332,0.05353825,23,-0.321610818,20,8,1,491,Non-Resistant,,mismatch,mismatch,No Match
D07,0.069394454,14,0.317547165,0.069347004,6,-0.632631494,7,6,0,525,Non-Resistant,,Both NR,mismatch,Match
D08,0.079546548,9,0.426886993,0.150808878,34,0.117845616,36,12,1,694,Resistant,,mismatch,Both R,Match
D09,0.155061617,20,0.38796187,0.034279376,12,-0.074185631,8,6,0,995,Non-Resistant,,Both NR,mismatch,Match
D10,0.073249341,11,0.40002284,0.025443654,37,-0.461014229,30,6,0,996,Non-Resistant,,Both NR,mismatch,Match
D11,0.109265611,5,0.323663077,0.059290316,12,-0.282131657,11,8,1,1529,Non-Resistant,,mismatch,mismatch,No Match
D12,0.082367745,14,0.329189604,0.03831515,46,-0.103897082,34,8,1,1530,Non-Resistant,,mismatch,mismatch,No Match
E01,0.086413759,7,0.276985237,0.064864408,1,0.306086556,1,8,1,1765,Resistant,,mismatch,Both R,Match
E02,0.098530462,7,0.316422437,0.040648069,36,0.072405215,28,9,1,3020,Resistant,,mismatch,Both R,Match
E03,0.070278769,7,0.343987265,0.040473242,1,0.263381452,1,7,0,3021,Resistant,,mismatch,mismatch,No Match
E04,0.112968079,8,0.370913795,0.035132023,11,-0.024026592,8,6,0,3022,Non-Resistant,,Both NR,mismatch,Match
E05,0.080928835,8,0.277381272,0.037124428,1,0.255306262,1,6,0,238,Resistant,,mismatch,mismatch,No Match
E06,0.07733309,11,0.353032137,0.043551445,11,-0.307462268,10,7,0,241,Non-Resistant,,Both NR,mismatch,Match
E07,0.101795331,9,0.394690041,0.09349778,10,-0.206750217,10,9,1,341,Non-Resistant,,mismatch,mismatch,No Match
E08,0.119834654,8,0.325706912,0.141139299,40,-0.414186579,38,9,1,911,Non-Resistant,,mismatch,mismatch,No Match
E09,0.10039146,8,0.393597463,0.032222363,10,-0.486016188,8,4,0,1384,Non-Resistant,,Both NR,mismatch,Match
E10,0.127659615,8,0.384745747,0.03595195,39,-0.135544179,29,7,0,1510,Non-Resistant,,Both NR,mismatch,Match
E11,0.12576892,8,0.421242608,0.07403215,1,-0.180712917,1,7,0,3267,Non-Resistant,,Both NR,mismatch,Match
E12,0.13192645,11,0.379263774,0.140123791,3,-0.164581009,4,8,1,3431,Non-Resistant,,mismatch,mismatch,No Match
F01,0.061544566,12,0.273549006,0.034674446,23,-0.176119358,21,6,0,100,Non-Resistant,,Both NR,mismatch,Match
F02,0.048499514,7,-0.051999352,0.024573156,1,0.10347407,1,5,0,111,Resistant,,mismatch,mismatch,No Match
F03,0.081066833,20,0.275222975,0.046858698,40,0.140636451,31,10,1,143,Resistant,,mismatch,Both R,Match
F04,0.110006878,17,0.290251965,0.076716466,28,-0.370188121,25,9,1,151,Non-Resistant,,mismatch,mismatch,No Match
F05,0.188399069,2,0.241810589,0.071927389,27,-0.438790712,28,9,1,152,Non-Resistant,,mismatch,mismatch,No Match
F06,0.090237122,9,0.376312914,0.052337276,36,0.223416106,27,11,1,179,Resistant,,mismatch,Both R,Match
F07,0.089846536,10,0.391016441,0.038637033,26,0.298121979,19,8,1,188,Resistant,,mismatch,Both R,Match
F08,0.068190424,15,0.233366333,0.059906278,4,-0.471145825,4,6,0,243,Non-Resistant,,Both NR,mismatch,Match
F09,0.106556134,9,0.426201503,0.044357818,33,0.274455529,24,10,1,244,Resistant,,mismatch,Both R,Match
F10,0.116345826,9,0.43043895,0.082407348,26,0.31102158,23,12,1,350,Resistant,,mismatch,Both R,Match
F11,0.240497112,7,0.39429383,0.097161447,1,0.217890632,1,9,1,426,Resistant,,mismatch,Both R,Match
F12,0.068638255,13,0.37287359,0.043972479,1,0.254679381,1,7,0,587,Resistant,,mismatch,mismatch,No Match
G01,0.064922829,7,0.434459651,0.064327405,7,0.01250568,6,8,1,744,Resistant,,mismatch,Both R,Match
G02,0.069353899,16,0.371348817,0.042479521,1,0.124547094,1,7,0,827,Resistant,,mismatch,mismatch,No Match
G03,0.07502954,8,0.415674416,0.03736487,35,0.321253899,23,9,1,851,Resistant,,mismatch,Both R,Match
G04,0.086472706,10,0.303284163,0.039132642,1,0.040167496,1,6,0,906,Resistant,,mismatch,mismatch,No Match
G05,0.083048999,4,0.377726493,0.193542072,7,-0.412653254,8,7,0,970,Non-Resistant,,Both NR,mismatch,Match
G06,0.08752105,6,0.105911347,0.07709854,4,0.234891684,4,10,1,1424,Resistant,,mismatch,Both R,Match
G07,0.076819485,17,0.331107107,0.067622169,3,-0.379790049,3,6,0,1425,Non-Resistant,,Both NR,mismatch,Match
G08,0.099457599,8,0.3556064,0.081472637,19,-0.340655405,18,8,1,1426,Non-Resistant,,mismatch,mismatch,No Match
G09,0.090328012,6,0.409578054,0.087481133,1,0.290550145,1,9,1,1429,Resistant,,mismatch,Both R,Match
G10,0.09797208,13,0.342777937,0.034725094,23,-0.277369756,18,6,0,1441,Non-Resistant,,Both NR,mismatch,Match
G11,0.079147345,14,0.356382572,0.061938139,11,-0.333842648,9,6,0,2265,Non-Resistant,,Both NR,mismatch,Match
G12,0.05828705,15,0.252011424,0.121793095,2,-0.350598324,2,7,0,2559,Non-Resistant,,Both NR,mismatch,Match
H01,0.06748893,4,0.459787002,0.044445024,2,-0.053425136,4,7,0,2597,Non-Resistant,,Both NR,mismatch,Match
H02,0.053292513,14,0.343570008,0.008254074,5,-0.093455242,7,6,0,2675,Non-Resistant,,Both NR,mismatch,Match
H03,0.065784864,20,0.25150819,0.034831383,2,-0.157527889,2,5,0,2886,Non-Resistant,,Both NR,mismatch,Match
H04,0.084549253,10,0.312744466,0.035037364,45,0.048686572,29,8,1,2887,Resistant,,mismatch,Both R,Match
H05,0.063391718,9,0.343337377,0.058338685,1,-0.133651472,1,6,0,2907,Non-Resistant,,Both NR,mismatch,Match
H06,0.088899727,8,0.40223651,0.063487565,1,0.168724854,1,8,1,3104,Resistant,,mismatch,Both R,Match
H07,0.092591017,13,0.391716811,0.074483282,40,-0.253795677,36,10,1,3303,Non-Resistant,,mismatch,mismatch,No Match
H08,0.075879335,17,0.298899423,0.039497234,1,-0.265990992,1,5,0,3344,Non-Resistant,,Both NR,mismatch,Match
H09,0.076813951,10,0.335973063,0.027747468,44,-0.20576242,33,7,0,3396,Non-Resistant,,Both NR,mismatch,Match
H10,0.078143657,14,0.333578876,0.01831453,4,-0.370304594,3,4,0,3502,Non-Resistant,,Both NR,mismatch,Match
H11,0.082347748,10,0.356469466,0.045028535,9,-0.06524942,10,8,1,3519,Non-Resistant,,mismatch,mismatch,No Match
H12,0.096715691,7,0.39892064,0.04861378,3,-0.424960314,4,5,0,3537,Non-Resistant,,Both NR,mismatch,Match
A01,0.141300193,6,0.441134607,0.079535358,14,0.45698536,13,11,1,128,Resistant,,mismatch,Both R,Match
A02,0.076839003,12,0.341738463,0.047840809,13,-0.019795881,11,8,1,171,Resistant,,mismatch,Both R,Match
A03,0.093339508,6,0.347269175,0.053851383,1,-0.222878766,1,6,0,385,Non-Resistant,,Both NR,mismatch,Match
A04,0.103882321,6,0.398093692,0.032356176,1,-0.165362141,1,4,0,417,Non-Resistant,,Both NR,mismatch,Match
A05,0.115855811,6,0.39846259,0.080107136,21,0.240650757,18,11,1,464,Resistant,,mismatch,Both R,Match
A06,0.06789339,14,-0.021547023,0.083205691,34,-0.422797268,31,9,1,469,Non-Resistant,,mismatch,mismatch,No Match
A07,0.086089271,7,0.361352054,0.030984459,14,-0.136376059,10,6,0,548,Non-Resistant,,Both NR,mismatch,Match
A08,0.078495799,15,0.345155264,0.070369501,9,-0.0455192,7,8,1,551,Resistant,,mismatch,Both R,Match
A09,0.094879625,14,0.328432645,0.124134252,13,-0.036784358,12,10,1,563,Non-Resistant,,mismatch,mismatch,No Match
A10,0.08551703,6,0.375525114,0.070180414,1,-0.136164017,1,6,0,570,Non-Resistant,,Both NR,mismatch,Match
A11,0.091507625,11,0.349524266,0.028747373,37,-0.277689731,27,7,0,571,Non-Resistant,,Both NR,mismatch,Match
A12,0.080259666,8,0.369758172,0.128104198,2,0.006857324,3,9,1,573,Resistant,,mismatch,Both R,Match
B01,0.116486204,6,0.364585992,0.106661485,1,0.046478453,1,8,1,575,Resistant,,mismatch,Both R,Match
B02,0.065114166,9,0.381293128,0.028369548,9,-0.036752999,7,6,0,580,Non-Resistant,,Both NR,mismatch,Match
B03,0.078632469,6,0.420345806,0.032994249,13,-0.377639312,10,5,0,609,Non-Resistant,,Both NR,mismatch,Match
B04,0.077955921,7,0.365909963,0.044841743,38,0.167211696,28,10,1,752,Resistant,,mismatch,Both R,Match
B05,0.0773384,7,0.352362728,0.056988045,11,-0.235357571,9,7,0,776,Non-Resistant,,Both NR,mismatch,Match
B06,0.071094263,6,0.432423029,0.036009904,6,-0.175385196,5,5,0,807,Non-Resistant,,Both NR,mismatch,Match
B07,0.106095615,6,0.390614561,0.095210312,12,-0.176967746,11,9,1,929,Non-Resistant,,mismatch,mismatch,No Match
B08,0.093536706,6,0.392180532,0.118234296,46,-0.028911867,44,11,1,935,Resistant,,mismatch,Both R,Match
B09,0.08084084,5,0.410074767,0.041801068,1,-0.231891885,1,5,0,1315,Non-Resistant,,Both NR,mismatch,Match
B10,0.078152919,12,0.397884773,0.036903147,23,0.016390651,16,7,0,1368,Resistant,,mismatch,mismatch,No Match
B11,0.114150982,9,0.364316802,0.088685982,16,-0.429568454,15,8,1,1400,Non-Resistant,,mismatch,mismatch,No Match
B12,0.072015134,12,0.371321139,0.021417289,27,-0.421995737,18,5,0,1427,Non-Resistant,,Both NR,mismatch,Match
C01,0.093200276,5,0.367103082,0.08840393,21,0.09059085,20,10,1,1474,Resistant,,mismatch,Both R,Match
C02,0.09280298,6,0.327419511,0.061326831,17,0.034235984,14,9,1,1477,Resistant,,mismatch,Both R,Match
C03,0.067755855,12,0.331541507,0.048902588,1,-0.289134431,1,5,0,1496,Non-Resistant,,Both NR,mismatch,Match
C04,0.093543461,9,0.379246515,0.05082772,14,0.231165747,11,9,1,1497,Resistant,,mismatch,Both R,Match
C05,0.065554151,12,0.383180633,0.046267661,1,0.061151414,1,6,0,1498,Resistant,,mismatch,mismatch,No Match
C06,0.065966124,11,0.348403536,0.074640526,1,-0.051458526,1,8,1,1515,Non-Resistant,,mismatch,mismatch,No Match
C07,0.091027279,8,0.343121127,0.092855108,17,-0.209433807,15,9,1,1520,Non-Resistant,,mismatch,mismatch,No Match
C08,0.087594559,1,0.396984529,0.059017991,17,-0.203411734,16,8,1,1521,Non-Resistant,,mismatch,mismatch,No Match
C09,0.095942,4,0.383394833,0.067212778,3,-0.482478347,2,6,0,1548,Non-Resistant,,Both NR,mismatch,Match
C10,0.076785376,11,0.391191555,0.037425677,1,-0.036831137,1,5,0,1553,Non-Resistant,,Both NR,mismatch,Match
C11,0.139949116,12,0.342142611,0.072852099,21,-0.061498239,19,10,1,1554,Non-Resistant,,mismatch,mismatch,No Match
C12,0.080530544,9,0.388855535,0.028594063,23,-0.460711486,18,5,0,1555,Non-Resistant,,Both NR,mismatch,Match
D01,0.099405884,6,0.350886405,0.054905585,2,0.079125502,2,8,1,1556,Resistant,,mismatch,Both R,Match
D02,0.100210087,16,0.395465961,0.189433848,10,0.019921197,11,10,1,1557,Resistant,,mismatch,Both R,Match
D03,0.130972518,8,0.393784038,0.070735315,18,0.31263509,15,10,1,1558,Resistant,,mismatch,Both R,Match
D04,0.128405025,7,0.450805758,0.142192999,8,0.1094624,8,10,1,1572,Resistant,,mismatch,Both R,Match
D05,0.188959241,6,0.433090693,0.102014108,18,0.038768268,16,10,1,1573,Resistant,,mismatch,Both R,Match
D06,0.071116005,6,0.373695568,0.099527562,2,0.123322511,3,10,1,1591,Resistant,,mismatch,Both R,Match
D07,0.057831413,2,-0.108144254,0.03261571,29,-0.68609192,28,6,0,1592,Non-Resistant,,Both NR,mismatch,Match
D08,0.128559033,29,0.296392672,0.022577621,2,-0.572386987,3,4,0,1656,Non-Resistant,,Both NR,mismatch,Match
D09,0.109770933,12,0.465329267,0.110013734,1,0.114235564,1,9,1,1673,Resistant,,mismatch,Both R,Match
D10,0.078679956,10,0.356386685,0.061296151,4,-0.332040384,3,6,0,1766,Non-Resistant,,Both NR,mismatch,Match
D11,0.079154147,12,0.328790638,0.055509788,1,-0.225860218,1,6,0,2258,Non-Resistant,,Both NR,mismatch,Match
D12,0.095594097,22,0.342113131,0.080335118,1,-0.078678379,1,8,1,2307,Resistant,,mismatch,Both R,Match
E01,0.075465215,7,0.354961468,0.034671589,1,-0.019146723,1,5,0,2693,Non-Resistant,,Both NR,mismatch,Match
E02,0.087827767,6,0.345189377,0.027535087,1,-0.120834766,1,5,0,2742,Non-Resistant,,Both NR,mismatch,Match
E03,0.058725761,20,0.278146097,0.035660463,17,-0.292410915,14,6,0,2775,Non-Resistant,,Both NR,mismatch,Match
E04,0.095373477,1,0.403196986,0.043898472,43,-0.255723653,35,8,1,2790,Non-Resistant,,mismatch,mismatch,No Match
E05,0.068116042,11,0.388581552,0.091784008,9,0.056296949,8,9,1,2797,Resistant,,mismatch,Both R,Match
E06,0.076439592,7,0.372238184,0.023543466,11,-0.049829201,8,6,0,2897,Non-Resistant,,Both NR,mismatch,Match
E07,0.065357897,12,0.384258781,0.059477134,1,0.006554262,1,7,0,2898,Resistant,,mismatch,mismatch,No Match
E08,0.087923753,8,0.36104061,0.090001362,13,-0.143810355,14,9,1,2927,Non-Resistant,,mismatch,mismatch,No Match
E09,0.077452107,12,0.4082877,0.057569065,8,-0.26494513,6,7,0,2931,Non-Resistant,,Both NR,mismatch,Match
E10,0.086538599,2,0.40659542,0.042960627,10,0.195137658,9,8,1,2932,Resistant,,mismatch,Both R,Match
E11,0.079981582,7,0.388714688,0.051179235,3,-0.388991482,3,5,0,2933,Non-Resistant,,Both NR,mismatch,Match
E12,0.08095509,11,0.351597444,0.115999274,7,-0.087504206,8,9,1,2934,Non-Resistant,,mismatch,mismatch,No Match
F01,0.111092159,9,0.330333488,0.121333099,23,-0.085112095,22,10,1,2935,Non-Resistant,,mismatch,mismatch,No Match
F02,0.132582142,5,0.366039836,0.136337674,27,0.134127487,26,12,1,2956,Resistant,,mismatch,Both R,Match
F03,0.069441102,11,0.37561638,0.066392498,12,-0.226197109,11,8,1,2980,Non-Resistant,,mismatch,mismatch,No Match
F04,0.071792528,9,0.424250604,0.041935629,18,-0.133443901,13,7,0,2981,Non-Resistant,,Both NR,mismatch,Match
F05,0.070602874,7,0.387158223,0.035899376,10,0.086987783,7,6,0,2995,Resistant,,mismatch,mismatch,No Match
F06,0.074017788,8,0.379503463,0.058187401,9,0.355165415,8,9,1,3000,Resistant,,mismatch,Both R,Match
F07,0.078646055,7,0.362486531,0.037543067,16,0.16996567,11,8,1,3001,Resistant,,mismatch,Both R,Match
F08,0.060899688,6,0.232711832,0.05286954,33,-0.299534232,29,9,1,3034,Non-Resistant,,mismatch,mismatch,No Match
F09,0.112109311,6,0.355254304,0.107313493,10,-0.087886203,11,10,1,3041,Non-Resistant,,mismatch,mismatch,No Match
F10,0.075173266,6,0.424104914,0.058020875,13,0.243437487,10,10,1,3053,Resistant,,mismatch,Both R,Match
F11,0.064162584,8,0.350546886,0.016758029,10,-0.473367299,10,5,0,3090,Non-Resistant,,Both NR,mismatch,Match
F12,0.086491977,11,0.355071383,0.040453271,10,-0.043179078,7,7,0,3091,Non-Resistant,,Both NR,mismatch,Match
G01,0.060826214,2,0.347675551,0.047698056,10,-0.142689296,9,6,0,3092,Non-Resistant,,Both NR,mismatch,Match
G02,0.056547349,9,0.358105814,0.034038111,20,0.194539498,12,8,1,3134,Resistant,,mismatch,Both R,Match
G03,0.093386861,8,0.344428831,0.098786707,8,0.154269196,9,10,1,3146,Resistant,,mismatch,Both R,Match
G04,0.092980874,10,0.419303695,0.035294235,10,-0.244388111,7,5,0,3298,Non-Resistant,,Both NR,mismatch,Match
G05,0.071138465,9,0.382557573,0.035967997,20,-0.0153822,14,7,0,3302,Non-Resistant,,Both NR,mismatch,Match
G06,0.084505647,7,0.406565205,0.058187979,18,0.034122806,15,9,1,3307,Resistant,,mismatch,Both R,Match
G07,0.078855968,9,0.449042352,0.055513131,46,-0.169936987,37,9,1,3354,Non-Resistant,,mismatch,mismatch,No Match
G08,0.083107318,12,0.386069155,0.084088317,10,0.099751178,9,9,1,3358,Resistant,,mismatch,Both R,Match
G09,0.051450453,12,-0.795722624,0.06919693,17,0.120388212,16,10,1,3378,Resistant,,mismatch,Both R,Match
G10,0.07501923,9,0.355622384,0.045801502,1,-0.157642675,1,5,0,3379,Non-Resistant,,Both NR,mismatch,Match
G11,0.073134964,12,0.377899677,0.033845963,21,-0.201683604,16,6,0,3407,Non-Resistant,,Both NR,mismatch,Match
G12,0.09772358,7,0.401708929,0.104010289,35,-0.143642394,33,10,1,3410,Non-Resistant,,mismatch,mismatch,No Match
H01,0.08133198,13,0.350294462,0.10008688,28,0.14461873,26,12,1,3414,Resistant,,mismatch,Both R,Match
H02,0.058207026,12,0.450024802,0.045196214,1,0.212918977,1,7,0,3557,Resistant,,mismatch,mismatch,No Match
H03,0.054762752,12,0.470938619,0.037027949,1,0.180563439,1,6,0,3562,Resistant,,mismatch,mismatch,No Match
H04,0.077364345,6,0.381721196,0.027598374,11,-0.283532014,11,6,0,3716,Non-Resistant,,Both NR,mismatch,Match
H05,0.081504325,5,0.388147066,0.043935568,1,0.063293083,1,6,0,3724,Resistant,,mismatch,mismatch,No Match
H06,0.084435252,6,0.353376593,0.059070969,3,-0.052529471,3,8,1,3776,Non-Resistant,,mismatch,mismatch,No Match
H07,0.100655527,7,0.329325733,0.100765464,29,0.176020355,26,12,1,3961,Resistant,,mismatch,Both R,Match
H08,0.06890436,12,0.409225455,0.039319376,1,-0.142643541,1,5,0,3963,Non-Resistant,,Both NR,mismatch,Match
H09,0.074419389,8,0.442955253,0.05563598,21,0.255293753,18,10,1,3964,Resistant,,mismatch,Both R,Match
H10,0.108813147,6,0.37231314,0.095827658,1,0.052947299,1,8,1,3966,Resistant,,mismatch,Both R,Match
H11,0.078560016,8,0.353896336,0.040246341,2,-0.23748191,2,6,0,3968,Non-Resistant,,Both NR,mismatch,Match
H12,0.087269318,9,0.321523499,0.019853321,13,-0.481732021,17,5,0,4020,Non-Resistant,,Both NR,mismatch,Match
A01,0.082478788,13,0.422132918,0.06920908,4,0.349418461,3,9,1,2582,Resistant,,mismatch,Both R,Match
A02,0.068930411,9,0.441070453,0.048841666,1,0.3579587,1,7,0,407,Resistant,,mismatch,mismatch,No Match
A03,0.088283535,8,0.442778972,0.057407806,1,0.281234532,1,8,1,444,Resistant,,mismatch,Both R,Match
A04,0.069820538,10,0.435004489,0.041303844,1,0.025866217,1,6,0,476,Resistant,,mismatch,mismatch,No Match
A05,0.077757307,9,0.35765914,0.063234431,1,0.093480742,1,7,0,576,Resistant,,mismatch,mismatch,No Match
A06,0.082027809,5,0.391533154,0.048825347,21,-0.101777402,19,8,1,597,Resistant,,mismatch,Both R,Match
A07,0.051488072,12,0.311429193,0.048192067,1,-0.130801211,1,5,0,601,Non-Resistant,,Both NR,mismatch,Match
A08,0.07030733,7,0.391931834,0.051757584,1,-0.010899515,1,6,0,610,Resistant,,mismatch,mismatch,No Match
A09,0.061242245,8,0.352174973,0.039856393,1,0.019582664,1,6,0,611,Resistant,,mismatch,mismatch,No Match
A10,0.060153325,12,0.344436595,0.060898033,1,0.126796845,1,8,1,854,Resistant,,mismatch,Both R,Match
A11,0.112426372,1,0.391173346,0.035581159,1,0.004445683,1,5,0,925,Resistant,,mismatch,mismatch,No Match
A12,0.077212193,13,0.357150977,0.062188006,18,0.021765525,16,9,1,951,Resistant,,mismatch,Both R,Match
B01,0.073408692,9,0.395444129,0.036282148,1,-0.021629776,1,5,0,1363,Resistant,,mismatch,mismatch,No Match
B02,0.077578765,6,0.431269713,0.05865899,19,0.304159891,16,10,1,1369,Resistant,,mismatch,Both R,Match
B03,0.093560853,8,0.419489505,0.066855251,21,0.128256991,18,10,1,1393,Resistant,,mismatch,Both R,Match
B04,0.109570336,13,0.336504394,0.034787763,26,0.051881669,18,7,0,1466,Resistant,,mismatch,mismatch,No Match
B05,0.149264874,6,0.469545267,0.12950874,30,0.311649611,27,12,1,1467,Resistant,,mismatch,Both R,Match
B06,0.071120271,9,0.383883508,0.088870593,24,0.091045269,21,10,1,1468,Resistant,,mismatch,Both R,Match
B07,0.066331993,7,0.418004072,0.10892042,1,0.301870152,1,9,1,1469,Resistant,,mismatch,Both R,Match
B08,0.076953404,8,0.395495003,0.049418648,36,-0.002221929,27,9,1,1470,Resistant,,mismatch,Both R,Match
B09,0.062737004,10,0.394960141,0.051113326,1,0.183780028,1,7,0,1471,Resistant,,mismatch,mismatch,No Match
B10,0.09979374,3,0.418118904,0.062638672,1,-0.000257831,1,7,0,1472,Resistant,,mismatch,mismatch,No Match
B11,0.074893352,10,0.424808493,0.028233574,1,-0.162040387,1,4,0,1473,Non-Resistant,,Both NR,mismatch,Match
B12,0.118142944,10,0.50472315,0.155157526,19,0.21535002,18,11,1,2423,Resistant,,mismatch,Both R,Match
C01,0.099034373,12,0.497995209,0.126785409,13,0.161672624,13,11,1,2432,Resistant,,mismatch,Both R,Match
C02,0.064722196,10,0.410688686,0.032187962,1,0.069208052,1,5,0,2435,Resistant,,mismatch,mismatch,No Match
C03,0.096727816,5,0.484469167,0.098724445,26,0.128271712,23,12,1,2457,Resistant,,mismatch,Both R,Match
C04,0.185624513,5,0.492681354,0.112327445,10,0.377952726,11,11,1,2458,Resistant,,mismatch,Both R,Match
C05,0.127831866,7,0.474216329,0.122617457,10,0.299326555,9,10,1,2474,Resistant,,mismatch,Both R,Match
C06,0.069542183,4,0.428282458,0.1260156,1,0.372547651,1,9,1,2479,Resistant,,mismatch,Both R,Match
C07,0.102779769,6,0.433909503,0.038400179,39,0.219909278,26,9,1,2515,Resistant,,mismatch,Both R,Match
C08,0.097653463,7,0.463298578,0.058390063,1,-0.239246139,1,6,0,2516,Non-Resistant,,Both NR,mismatch,Match
C09,0.135573681,4,0.421746875,0.040680816,3,-0.239217692,2,6,0,2579,Non-Resistant,,Both NR,mismatch,Match
C10,0.122788788,10,0.444791504,0.042089389,29,0.333783669,22,9,1,2628,Resistant,,mismatch,Both R,Match
C11,0.084668154,8,0.424384286,0.052769438,1,0.122506278,1,8,1,2670,Resistant,,mismatch,Both R,Match
C12,0.056892608,16,0.141417774,0.05913549,10,0.093356952,13,9,1,2677,Resistant,,mismatch,Both R,Match
D01,0.096593595,1,0.212259174,0.063732152,25,-0.217898494,23,9,1,2726,Non-Resistant,,mismatch,mismatch,No Match
D02,0.046926073,11,0.075237177,0.083292998,1,-0.192440891,1,7,0,2745,Non-Resistant,,Both NR,mismatch,Match
D03,0.090421143,10,0.415319409,0.061291573,6,0.316235424,7,9,1,2746,Resistant,,mismatch,Both R,Match
D04,0.141150513,5,0.417355097,0.07353967,8,0.319015477,7,10,1,2748,Resistant,,mismatch,Both R,Match
D05,0.10097608,9,0.385854422,0.05597654,13,0.420534274,12,10,1,2776,Resistant,,mismatch,Both R,Match
D06,0.106766401,10,0.356108478,0.070509395,22,0.084495848,19,9,1,2777,Resistant,,mismatch,Both R,Match
D07,0.08987542,9,0.4090626,0.038389571,1,0.451180446,1,6,0,2778,Resistant,,mismatch,mismatch,No Match
D08,0.089909767,8,0.402569019,0.036863683,40,0.158170481,26,9,1,2779,Resistant,,mismatch,Both R,Match
D09,0.105066227,9,0.423726981,0.045849284,37,0.35241891,24,10,1,2780,Resistant,,mismatch,Both R,Match
D10,0.097231646,10,0.366954509,0.081051672,1,0.358968487,1,9,1,2786,Resistant,,mismatch,Both R,Match
D11,0.099209858,10,0.386442849,0.042042692,34,0.311529005,23,10,1,2798,Resistant,,mismatch,Both R,Match
D12,0.066070613,2,0.243225649,0.038464916,4,-0.32953199,3,5,0,2833,Non-Resistant,,Both NR,mismatch,Match
E01,0.050893491,7,0.485474773,0.039430655,19,0.108022322,14,9,1,2866,Resistant,,mismatch,Both R,Match
E02,0.090236954,8,0.414733246,0.052612879,24,0.370437331,19,10,1,2913,Resistant,,mismatch,Both R,Match
E03,0.082379224,18,0.369385586,0.034402869,38,-0.187923798,27,7,0,2965,Non-Resistant,,Both NR,mismatch,Match
E04,0.102388353,11,0.39924102,0.040049361,1,0.141518405,1,7,0,2966,Resistant,,mismatch,mismatch,No Match
E05,0.088624619,9,0.40042567,0.036274343,21,0.306832301,15,8,1,2967,Resistant,,mismatch,Both R,Match
E06,0.086683407,9,0.3934214,0.055483089,1,0.147620164,1,8,1,2974,Resistant,,mismatch,Both R,Match
E07,0.10213868,6,0.441121528,0.075523449,1,0.393046943,1,9,1,2979,Resistant,,mismatch,Both R,Match
E08,0.093965556,8,0.373615627,0.029942159,22,-0.052293134,14,7,0,3025,Non-Resistant,,Both NR,mismatch,Match
E09,0.098827401,20,0.406791638,0.155047765,1,0.079513301,1,8,1,3026,Resistant,,mismatch,Both R,Match
E10,0.093116087,9,0.388468418,0.042889337,39,0.315312967,25,10,1,3027,Resistant,,mismatch,Both R,Match
E11,0.121193365,13,0.453398321,0.159521745,1,0.039454655,1,8,1,3028,Resistant,,mismatch,Both R,Match
E12,0.105185523,12,0.273932747,0.115535116,1,0.054502306,1,8,1,3029,Resistant,,mismatch,Both R,Match
F01,0.083719354,13,0.454092282,0.054385565,36,0.436481352,26,11,1,3030,Resistant,,mismatch,Both R,Match
F02,0.09040965,10,0.389796439,0.076637995,1,0.391727172,1,9,1,3031,Resistant,,mismatch,Both R,Match
F03,0.104600152,18,0.136925302,0.172829918,13,0.086895495,12,10,1,3032,Resistant,,mismatch,Both R,Match
F04,0.096325562,11,0.381954651,0.047329787,1,0.027826899,1,6,0,3033,Resistant,,mismatch,mismatch,No Match
F05,0.088475488,9,0.390075871,0.048639008,1,0.212468102,1,7,0,3035,Resistant,,mismatch,mismatch,No Match
F06,0.082216328,10,0.387103905,0.043484346,1,0.125610929,1,7,0,3036,Resistant,,mismatch,mismatch,No Match
F07,0.089765448,6,0.366240617,0.035780266,36,0.003185714,23,8,1,3037,Resistant,,mismatch,Both R,Match
F08,0.105858369,7,0.229185274,0.043486606,12,-0.18177401,10,7,0,3038,Non-Resistant,,Both NR,mismatch,Match
F09,0.117443112,13,0.366635639,0.041073003,20,0.003852972,16,8,1,3039,Resistant,,mismatch,Both R,Match
F10,0.091728322,10,0.410576341,0.040158707,1,0.347236871,1,7,0,3048,Resistant,,mismatch,mismatch,No Match
F11,0.112542767,6,0.357978069,0.041947793,10,0.308604309,9,8,1,3051,Resistant,,mismatch,Both R,Match
F12,0.094459257,9,0.419641475,0.033975121,1,0.062772018,1,5,0,3052,Resistant,,mismatch,mismatch,No Match
G01,0.062029352,6,0.47571489,0.047186932,37,0.445367014,24,10,1,3076,Resistant,,mismatch,Both R,Match
G02,0.091439191,9,0.424530924,0.040172037,34,0.44695475,22,9,1,3077,Resistant,,mismatch,Both R,Match
G03,0.111298946,12,0.350180262,0.218311938,1,0.402275042,1,9,1,3078,Resistant,,mismatch,Both R,Match
G04,0.117744201,13,0.357748411,0.069907904,22,0.391299567,20,10,1,3080,Resistant,,mismatch,Both R,Match
G05,0.060174599,9,0.37928856,0.043774919,26,0.048471838,19,8,1,3114,Resistant,,mismatch,Both R,Match
G06,0.075235364,8,0.40261912,0.036883388,1,0.20841919,1,6,0,3115,Resistant,,mismatch,mismatch,No Match
G07,0.083165405,11,0.347552219,0.034834198,12,0.294263483,10,8,1,3121,Resistant,,mismatch,Both R,Match
G08,0.12116862,8,0.327476312,0.051172837,22,0.120895506,18,9,1,3122,Resistant,,mismatch,Both R,Match
G09,0.158743903,7,0.415350167,0.055328557,37,-0.111324521,32,10,1,3123,Non-Resistant,,mismatch,mismatch,No Match
G10,0.09860341,9,0.384072534,0.064222356,30,0.005491225,25,10,1,3124,Resistant,,mismatch,Both R,Match
G11,0.088875728,11,0.393645242,0.05122222,1,0.302504403,1,7,0,3125,Resistant,,mismatch,mismatch,No Match
G12,0.104798646,1,0.27156185,0.210362217,1,0.209781566,1,9,1,3126,Resistant,,mismatch,Both R,Match
H01,0.101310978,5,0.450370825,0.055591417,24,0.306277375,20,10,1,3127,Resistant,,mismatch,Both R,Match
H02,0.057285872,8,0.494374727,0.050687815,36,0.410841796,28,10,1,234,Resistant,,mismatch,Both R,Match
H03,0.122563904,9,0.485078216,0.050409282,30,0.468476599,19,9,1,3133,Resistant,,mismatch,Both R,Match
H04,0.115006423,8,0.385005682,0.060769734,15,0.449870966,13,10,1,3324,Resistant,,mismatch,Both R,Match
H05,0.095902286,9,0.355767916,0.042998896,28,0.307537514,20,9,1,3325,Resistant,,mismatch,Both R,Match
H06,0.08638458,11,0.329245915,0.03628298,5,-0.297190542,4,5,0,3326,Non-Resistant,,Both NR,mismatch,Match
H07,0.073295058,9,0.371402757,0.031348206,27,0.274667762,15,8,1,3331,Resistant,,mismatch,Both R,Match
H08,0.093662028,8,0.451147344,0.066381099,14,0.387298777,13,10,1,3332,Resistant,,mismatch,Both R,Match
H09,0.085314314,13,0.372910717,0.046463508,1,0.486763995,1,7,0,3333,Resistant,,mismatch,mismatch,No Match
H10,0.092124306,8,0.372380226,0.04218276,33,0.375037822,21,9,1,3334,Resistant,,mismatch,Both R,Match
H11,0.101954967,8,0.407050879,0.054479614,6,-0.263268724,6,7,0,3338,Non-Resistant,,Both NR,mismatch,Match
H12,0.082903675,13,0.414266563,0.083858114,1,0.115100588,1,9,1,3339,Non-Resistant,,mismatch,mismatch,No Match
A01,0.080500865,3,0.208562069,0.031651783,1,-0.290023366,1,4,0,3340,Non-Resistant,,Both NR,mismatch,Match
A02,0.095116391,9,0.137568198,0.055635816,1,-0.145396447,1,6,0,3341,Non-Resistant,,Both NR,mismatch,Match
A03,0.07621766,22,0.502271793,0.035031954,1,-0.16889009,1,4,0,3342,Non-Resistant,,Both NR,mismatch,Match
A04,0.070817409,9,0.457631565,0.045082296,25,0.1025776,19,8,1,3343,Resistant,,mismatch,Both R,Match
A05,0.107943318,7,0.518218732,0.062065558,38,0.278644774,30,11,1,3373,Resistant,,mismatch,Both R,Match
A06,0.073780097,11,0.488676967,0.069195273,6,0.299058755,5,9,1,3392,Resistant,,mismatch,Both R,Match
A07,0.0775562,11,0.459668011,0.052165956,1,0.416963192,1,8,1,3397,Resistant,,mismatch,Both R,Match
A08,0.073320785,12,0.407788051,0.069736845,39,0.212454456,30,11,1,3402,Resistant,,mismatch,Both R,Match
A09,0.092713666,11,0.421038733,0.062688461,41,0.025953047,33,10,1,3403,Resistant,,mismatch,Both R,Match
A10,0.10632544,25,0.375702406,0.341197571,1,0.520970262,1,9,1,3464,Resistant,,mismatch,Both R,Match
A11,0.079557575,18,0.379211985,0.038552164,1,-0.279403281,1,4,0,3465,Non-Resistant,,Both NR,mismatch,Match
A12,0.0780572,6,0.403225034,0.056353252,13,0.345277235,10,10,1,3491,Resistant,,mismatch,Both R,Match
B01,0.068164677,16,0.493855425,0.036367443,2,-0.011385969,2,6,0,3492,Resistant,,mismatch,mismatch,No Match
B02,0.077338053,23,0.344524475,0.052510527,1,-0.126293677,1,7,0,3493,Non-Resistant,,Both NR,mismatch,Match
B03,0.104057906,10,0.371809449,0.034567417,25,-0.299065055,17,6,0,3497,Non-Resistant,,Both NR,mismatch,Match
B04,0.064569656,6,0.336191305,0.023482064,1,-0.438958503,1,3,0,3498,Non-Resistant,,Both NR,mismatch,Match
B05,0.076458733,9,0.409326798,0.053250126,1,-0.137971508,1,6,0,3499,Non-Resistant,,Both NR,mismatch,Match
B06,0.089529321,9,0.3875826,0.042362517,1,0.01101539,1,6,0,3500,Resistant,,mismatch,mismatch,No Match
B07,0.0881242,10,0.447774968,0.047955976,24,0.402169816,17,9,1,3501,Resistant,,mismatch,Both R,Match
B08,0.109329343,6,0.435974901,0.077967135,23,0.457771753,19,11,1,3510,Resistant,,mismatch,Both R,Match
B09,0.078132063,11,0.409317005,0.05786446,6,-0.262268196,5,7,0,3511,Non-Resistant,,Both NR,mismatch,Match
B10,0.089784563,10,0.406980428,0.064914347,15,0.323978716,13,10,1,3512,Resistant,,mismatch,Both R,Match
B11,0.087729063,11,0.400747774,0.049383849,39,0.394265261,26,10,1,3513,Resistant,,mismatch,Both R,Match
B12,0.077764082,15,0.422520682,0.039406837,43,0.190573448,27,10,1,3514,Resistant,,mismatch,Both R,Match
C01,0.096254842,11,0.406859992,0.099297732,2,-0.088591674,2,9,1,3515,Non-Resistant,,mismatch,mismatch,No Match
C02,0.073374214,7,0.515824467,0.052764695,37,0.447737487,24,11,1,3516,Resistant,,mismatch,Both R,Match
C03,0.102846435,10,0.467728947,0.117123641,8,0.068947031,8,9,1,3520,Resistant,,mismatch,Both R,Match
C04,0.096634372,14,0.353686259,0.027003679,1,-0.309027425,1,4,0,3521,Non-Resistant,,Both NR,mismatch,Match
C05,0.106844665,9,0.458462571,0.055048097,39,0.285983648,29,11,1,3522,Resistant,,mismatch,Both R,Match
C06,0.0865636,8,0.429028945,0.056050907,17,0.35053435,15,10,1,3523,Resistant,,mismatch,Both R,Match
C07,0.065455956,7,0.427375652,0.075725589,1,0.303859349,1,9,1,3527,Resistant,,mismatch,Both R,Match
C08,0.088013748,9,0.413353786,0.047435006,36,0.377169395,24,10,1,3528,Resistant,,mismatch,Both R,Match
C09,0.106359742,10,0.424307537,0.053088978,1,0.208413414,1,8,1,3529,Resistant,,mismatch,Both R,Match
C10,0.064754551,7,0.399901835,0.041923545,45,-0.048921098,34,9,1,3778,Non-Resistant,,mismatch,mismatch,No Match
C11,0.090197904,10,0.421534502,0.037019703,7,-0.031548175,8,6,0,3779,Non-Resistant,,Both NR,mismatch,Match
C12,0.093672176,4,0.423769042,0.080318217,3,0.046254661,3,9,1,120,Resistant,,mismatch,Both R,Match
D01,0.114776057,7,0.295590895,0.108266455,10,-0.142835619,11,9,1,329,Resistant,,mismatch,Both R,Match
D02,0.137902962,3,0.367017953,0.200155788,10,-0.212671646,11,9,1,332,Resistant,,mismatch,Both R,Match
D03,0.136645332,4,0.387052568,0.107711246,13,-0.478949228,15,8,1,336,Non-Resistant,,mismatch,mismatch,No Match
D04,0.11507615,3,0.399823099,0.091187632,38,0.35598149,31,12,1,337,Resistant,,mismatch,Both R,Match
D05,0.10176195,4,0.414098357,0.093831403,6,0.418218752,6,10,1,338,Resistant,,mismatch,Both R,Match
D06,0.144413942,4,0.452728228,0.051130637,41,0.411819995,27,10,1,347,Resistant,,mismatch,Both R,Match
D07,0.102803827,5,0.427706522,0.078959485,40,0.380562572,31,12,1,872,Resistant,,mismatch,Both R,Match
D08,0.093623971,4,0.431502547,0.048579045,38,0.364072546,27,10,1,993,Resistant,,mismatch,Both R,Match
D09,0.111140238,3,0.442980324,0.064119299,1,0.32320458,1,8,1,1398,Resistant,,mismatch,Both R,Match
D10,0.105529386,9,0.479916806,0.17156521,8,0.116731706,8,10,1,2658,Resistant,,mismatch,Both R,Match
D11,0.085804345,9,0.420330371,0.04938502,42,0.350119811,27,10,1,2698,Resistant,,mismatch,Both R,Match
D12,0.111444068,2,0.411677955,0.051521639,30,0.383384265,21,9,1,2853,Resistant,,mismatch,Both R,Match
E01,0.101327337,4,0.442719454,0.056232546,38,0.186835024,31,11,1,3242,Resistant,,mismatch,Both R,Match
E02,0.129460398,4,0.462458848,0.055038161,17,0.309362744,14,10,1,3256,Resistant,,mismatch,Both R,Match
E03,0.108664409,9,0.447402361,0.053671019,43,0.117314085,35,11,1,3309,Resistant,,mismatch,Both R,Match
E04,0.128010799,4,0.439774756,0.038103448,41,0.276512985,27,9,1,3393,Resistant,,mismatch,Both R,Match
E05,0.143431437,3,0.437844238,0.048183972,28,0.480989562,19,9,1,3740,Resistant,,mismatch,Both R,Match
E06,0.144478043,3,0.443380368,0.059722507,36,0.460749082,28,11,1,3745,Resistant,,mismatch,Both R,Match
E07,0.108768114,3,0.427094634,0.054890036,41,0.418065639,28,11,1,3751,Resistant,,mismatch,Both R,Match
E08,0.108284798,9,0.344376158,0.124659065,1,-0.453255132,1,6,0,3752,Non-Resistant,,Both NR,mismatch,Match
E09,0.082739595,3,0.432298498,0.1081138,41,0.481341126,34,12,1,4001,Resistant,,mismatch,Both R,Match
E10,0.105384301,4,0.421923802,0.046337141,1,0.313556925,1,7,0,4002,Resistant,,mismatch,mismatch,No Match
E11,0.129520105,4,0.422541762,0.093617627,31,0.426577401,26,12,1,4015,Resistant,,mismatch,Both R,Match
E12,0.080980611,8,0.43808814,0.035629176,30,0.280695136,19,8,1,4017,Resistant,,mismatch,Both R,Match
F01,0.110795755,5,0.440243447,0.141512518,4,0.48799922,5,10,1,4034,Resistant,,mismatch,Both R,Match
F02,0.086277323,10,0.464695638,0.050246018,36,0.457792252,24,10,1,47,Resistant,,mismatch,Both R,Match
F03,0.07888682,16,0.54254126,0.084019833,8,0.332580763,8,10,1,50,Resistant,,mismatch,Both R,Match
F04,0.075590191,9,0.347699609,0.096832592,6,-0.188742916,6,8,1,2471,Non-Resistant,,mismatch,mismatch,No Match
F05,0.099531506,8,0.473380506,0.067780025,2,0.437402166,2,9,1,2499,Resistant,,mismatch,Both R,Match
F06,0.109138124,9,0.49003548,0.071655646,3,0.406407831,4,9,1,2602,Resistant,,mismatch,Both R,Match
F07,0.095898053,13,0.494383238,0.149487674,1,0.513815363,1,9,1,3138,Resistant,,mismatch,Both R,Match
F08,0.071006868,13,0.440065491,0.04054115,46,0.109724809,32,10,1,3272,Resistant,,mismatch,Both R,Match
F09,0.057418535,11,0.332830812,0.041616653,4,-0.311064871,3,6,0,3759,Non-Resistant,,Both NR,mismatch,Match
F10,0.100433507,8,0.425299306,0.084641332,15,-0.14614354,16,9,1,3777,Non-Resistant,,mismatch,mismatch,No Match
F11,0.155478059,4,0.474294951,0.093083078,11,-0.152501673,12,9,1,3879,Non-Resistant,,mismatch,mismatch,No Match
F12,0.062203763,2,0.491192748,0.036349317,33,0.277318625,21,8,1,119,Resistant,,mismatch,Both R,Match
G01,0.14244756,2,0.459106656,0.062587879,30,0.244067858,24,11,1,191,Resistant,,mismatch,Both R,Match
G02,0.077467366,14,0.416404053,0.091428484,1,0.033600008,1,8,1,436,Resistant,,mismatch,Both R,Match
G03,0.123252633,8,0.406175161,0.108916549,29,-0.07830541,27,11,1,437,Non-Resistant,,mismatch,mismatch,No Match
G04,0.083102792,10,0.398903052,0.094707548,7,-0.170811458,6,8,1,438,Non-Resistant,,mismatch,mismatch,No Match
G05,0.107780312,4,0.511523718,0.087935051,8,0.423813376,7,10,1,442,Resistant,,mismatch,Both R,Match
G06,0.075967996,11,0.433846041,0.041129226,33,-0.113632086,27,9,1,558,Non-Resistant,,mismatch,mismatch,No Match
G07,0.085843091,11,0.139280026,0.064479085,12,-0.343799114,13,7,0,1653,Non-Resistant,,Both NR,mismatch,Match
G08,0.078040147,11,0.334413612,0.024174016,3,-0.374159988,5,4,0,233,Non-Resistant,,Both NR,mismatch,Match
G09,0.076871152,8,0.441135249,0.045534683,5,-0.449861444,4,5,0,236,Non-Resistant,,Both NR,mismatch,Match
G10,0.076229666,9,0.355284083,0.054391125,30,0.173742809,24,11,1,239,Resistant,,mismatch,Both R,Match
G11,0.070819724,19,0.37817763,0.049791633,37,-0.03359753,36,9,1,324,Non-Resistant,,mismatch,mismatch,No Match
G12,0.075261305,17,0.465438921,0.04628098,39,0.142760715,31,10,1,343,Resistant,,mismatch,Both R,Match
H01,0.063598082,8,0.459087062,0.05604517,24,0.438180007,18,10,1,353,Resistant,,mismatch,Both R,Match
H02,0.075631738,13,0.36292872,0.090808993,1,-0.130461254,1,7,0,363,Non-Resistant,,Both NR,mismatch,Match
H03,0.08873432,8,0.372790302,0.096262759,25,-0.387619274,23,9,1,367,Non-Resistant,,mismatch,mismatch,No Match
H04,0.076958575,8,0.348743053,0.029142307,1,-0.196551344,1,4,0,368,Non-Resistant,,Both NR,mismatch,Match
H05,0.069062523,11,0.2360638,0.048629482,7,-0.193531685,9,6,0,400,Non-Resistant,,Both NR,mismatch,Match
H06,0.076986595,8,0.407494753,0.065178258,6,0.140599208,5,9,1,401,Resistant,,mismatch,Both R,Match
H07,0.106408565,7,0.414449489,0.052479053,24,-0.263678688,19,8,1,622,Non-Resistant,,mismatch,mismatch,No Match
H08,0.110202262,9,0.401494841,0.044625911,31,0.408085614,21,9,1,963,Resistant,,mismatch,Both R,Match
H09,0.0939197,4,0.435259081,0.106146598,2,0.350457679,2,10,1,1001,Resistant,,mismatch,Both R,Match
H10,0.088544159,10,0.397691353,0.065794301,30,0.226806432,24,11,1,1004,Resistant,,mismatch,Both R,Match
H11,0.092829677,10,0.385413861,0.065792918,2,0.382391842,2,9,1,1007,Resistant,,mismatch,Both R,Match
H12,0.093564086,8,0.447548902,0.04231077,33,0.196589358,27,10,1,1010,Non-Resistant,,mismatch,mismatch,No Match
A01,0.103888565,10,0.356360749,0.036568924,33,-0.270426272,28,7,0,1013,Non-Resistant,,Both NR,mismatch,Match
A02,0.097966797,6,0.370099896,0.03102882,1,-0.364429125,1,3,0,1017,Non-Resistant,,Both NR,mismatch,Match
A03,0.0909287,4,0.411586179,0.03145997,1,-0.454982931,1,3,0,1020,Non-Resistant,,Both NR,mismatch,Match
A04,0.142330125,11,0.423014681,0.029788543,2,-0.368183712,2,4,0,1023,Non-Resistant,,Both NR,mismatch,Match
A05,0.089676573,14,0.375232683,0.042747686,1,-0.330972338,1,4,0,1030,Non-Resistant,,Both NR,mismatch,Match
A06,0.084444619,18,0.389431252,0.055435865,1,-0.414459635,1,5,0,1033,Non-Resistant,,Both NR,mismatch,Match
A07,0.06263698,8,0.433342728,0.034839146,1,-0.246027058,1,4,0,1037,Non-Resistant,,Both NR,mismatch,Match
A08,0.10500081,17,0.287461182,0.050311326,43,-0.265256415,38,8,1,1040,Non-Resistant,,mismatch,mismatch,No Match
A09,0.087888951,18,0.354139789,0.029196209,1,-0.298517578,1,4,0,1044,Non-Resistant,,Both NR,mismatch,Match
A10,0.100599852,11,0.433007065,0.044123322,3,-0.161582229,3,6,0,1049,Non-Resistant,,Both NR,mismatch,Match
A11,0.099043848,9,0.385732806,0.042827719,5,0.018287024,4,7,0,1052,Resistant,,mismatch,mismatch,No Match
A12,0.094026195,9,0.414193486,0.026375519,1,-0.348128266,1,3,0,1055,Non-Resistant,,Both NR,mismatch,Match
B01,0.110848621,8,0.346278239,0.066497046,11,-0.001074693,9,8,1,1060,Non-Resistant,,mismatch,mismatch,No Match
B02,0.19833782,4,0.37924124,0.098308806,30,-0.004943815,27,11,1,1066,Non-Resistant,,mismatch,mismatch,No Match
B03,0.112621408,11,0.354875363,0.072341461,10,-0.301612646,9,8,1,1069,Non-Resistant,,mismatch,mismatch,No Match
B04,0.06489121,15,0.335793992,0.038303137,1,-0.357887605,1,3,0,1072,Non-Resistant,,Both NR,mismatch,Match
B05,0.086313974,9,0.369430618,0.052032185,12,-0.237154253,11,8,1,1076,Non-Resistant,,mismatch,mismatch,No Match
B06,0.066826334,10,0.367775766,0.021996276,35,-0.283849202,27,7,0,1079,Non-Resistant,,Both NR,mismatch,Match
B07,0.077868132,10,0.359358815,0.032940996,1,-0.270886181,1,4,0,1082,Non-Resistant,,Both NR,mismatch,Match
B08,0.074815817,15,0.416203728,0.061274257,1,-0.08535532,1,7,0,1085,Non-Resistant,,Both NR,mismatch,Match
B09,0.088365498,12,0.374621275,0.035191571,1,-0.24325193,1,4,0,1089,Non-Resistant,,Both NR,mismatch,Match
B10,0.075549426,6,0.37199306,0.038304772,7,-0.312458561,5,5,0,1093,Non-Resistant,,Both NR,mismatch,Match
B11,0.096755123,10,0.401091456,0.042274415,1,-0.190750522,1,5,0,1097,Non-Resistant,,Both NR,mismatch,Match
B12,0.137060427,10,0.424741356,0.067736377,3,-0.317373185,3,7,0,1102,Non-Resistant,,Both NR,mismatch,Match
C01,0.072165261,16,0.293254684,0.040787668,9,-0.049046859,7,7,0,1106,Non-Resistant,,Both NR,mismatch,Match
C02,0.101711594,11,0.395701818,0.046227834,30,-0.276412619,24,8,1,1111,Non-Resistant,,mismatch,mismatch,No Match
C03,0.116779767,10,0.384437465,0.089988238,24,-0.258284686,22,9,1,1114,Non-Resistant,,mismatch,mismatch,No Match
C04,0.20781078,2,0.424734862,0.04318048,24,-0.119451264,21,8,1,1118,Non-Resistant,,mismatch,mismatch,No Match
C05,0.093993255,9,0.42795799,0.135385075,1,-0.359558308,1,6,0,1122,Non-Resistant,,Both NR,mismatch,Match
C06,0.142098307,1,0.362250326,0.110294516,9,-0.239249354,9,8,1,1126,Non-Resistant,,mismatch,mismatch,No Match
C07,0.096404929,5,0.376013868,0.067592079,1,0.086664563,1,7,0,1129,Resistant,,mismatch,mismatch,No Match
C08,0.144974801,8,0.500181027,0.078010813,36,0.08474568,31,11,1,1132,Resistant,,mismatch,Both R,Match
C09,0.110871207,6,0.408214197,0.052590107,5,-0.072899357,5,8,1,1138,Non-Resistant,,mismatch,mismatch,No Match
C10,0.118433367,7,0.394580507,0.030657997,33,-0.213530299,28,7,0,1141,Non-Resistant,,Both NR,mismatch,Match
C11,0.097941873,7,0.377537126,0.053019933,1,-0.07842526,1,7,0,1147,Non-Resistant,,Both NR,mismatch,Match
C12,0.106507506,17,0.279563456,0.052153437,3,-0.224549646,4,7,0,1156,Non-Resistant,,Both NR,mismatch,Match
D01,0.126205189,11,0.369666036,0.054525875,5,-0.089962624,5,8,1,1159,Non-Resistant,,mismatch,mismatch,No Match
D02,0.132891319,7,0.362137133,0.030872035,22,-0.333938247,15,5,0,1163,Non-Resistant,,Both NR,mismatch,Match
D03,0.066049625,11,0.403997445,0.022742923,7,-0.383160514,5,4,0,1167,Non-Resistant,,Both NR,mismatch,Match
D04,0.072752835,12,0.35650951,0.0236893,12,-0.291492611,7,5,0,1171,Non-Resistant,,Both NR,mismatch,Match
D05,0.112624405,11,0.348979401,0.028235402,12,-0.264887852,10,6,0,1175,Non-Resistant,,Both NR,mismatch,Match
D06,0.075249954,12,0.374091124,0.060878088,1,-0.194955266,1,6,0,1179,Non-Resistant,,Both NR,mismatch,Match
D07,0.105834821,10,0.365024878,0.056465766,35,-0.170551748,30,9,1,1183,Non-Resistant,,mismatch,mismatch,No Match
D08,0.100573301,4,0.380066643,0.039242568,46,-0.285376931,38,8,1,1186,Non-Resistant,,mismatch,mismatch,No Match
D09,0.072583211,17,0.38598859,0.033606735,1,-0.355079567,1,3,0,1190,Non-Resistant,,Both NR,mismatch,Match
D10,0.103926885,7,0.391438283,0.044384222,5,-0.120273157,4,7,0,1193,Non-Resistant,,Both NR,mismatch,Match
D11,0.06922343,11,0.393467534,0.040816817,1,-0.207903813,1,5,0,1196,Non-Resistant,,Both NR,mismatch,Match
D12,0.08160498,12,0.365632708,0.038667429,11,-0.332794837,10,5,0,1199,Non-Resistant,,Both NR,mismatch,Match
E01,0.092450963,13,0.35888821,0.025867345,11,-0.299280775,8,5,0,1202,Non-Resistant,,Both NR,mismatch,Match
E02,0.087852074,8,0.355790891,0.046341563,20,-0.310538788,17,7,0,1205,Non-Resistant,,Both NR,mismatch,Match
E03,0.118574215,12,0.363553624,0.039235147,22,-0.31463952,18,7,0,1208,Non-Resistant,,Both NR,mismatch,Match
E04,0.10112793,7,0.370086993,0.022302472,1,-0.379809867,1,3,0,1211,Non-Resistant,,Both NR,mismatch,Match
E05,0.085610477,10,0.364421141,0.027541923,1,-0.24777104,1,4,0,1215,Non-Resistant,,Both NR,mismatch,Match
E06,0.067324093,2,0.3427332,0.089506297,1,-0.290051014,1,7,0,1218,Non-Resistant,,Both NR,mismatch,Match
E07,0.078908047,11,0.385235515,0.051612192,1,-0.127580713,1,6,0,1221,Non-Resistant,,Both NR,mismatch,Match
E08,0.072966087,10,0.381250825,0.041878766,1,0.073064019,1,6,0,1225,Resistant,,mismatch,mismatch,No Match
E09,0.125706562,8,0.403649843,0.041988111,3,-0.290237852,3,6,0,1231,Non-Resistant,,Both NR,mismatch,Match
E10,0.13550877,12,0.390530198,0.030810055,35,-0.286886321,29,7,0,1235,Non-Resistant,,Both NR,mismatch,Match
E11,0.076650196,15,0.370203778,0.028040614,2,-0.39326386,3,4,0,1240,Non-Resistant,,Both NR,mismatch,Match
E12,0.085655482,16,0.344763158,0.046573235,1,-0.356365115,1,4,0,1243,Non-Resistant,,Both NR,mismatch,Match
F01,0.09191472,9,0.397845881,0.028090892,5,-0.254901173,4,5,0,1246,Non-Resistant,,Both NR,mismatch,Match
F02,0.124296057,8,0.389017759,0.05803551,6,-0.212526729,5,7,0,1249,Non-Resistant,,Both NR,mismatch,Match
F03,0.099229049,11,0.348956354,0.068252178,4,-0.138815778,4,7,0,1254,Non-Resistant,,Both NR,mismatch,Match
F04,0.077047279,14,0.388027974,0.021824333,10,-0.392335397,5,4,0,1257,Non-Resistant,,Both NR,mismatch,Match
F05,0.113077972,32,-0.042814584,0.073456983,27,-0.448984473,24,9,1,1260,Non-Resistant,,mismatch,mismatch,No Match
F06,0.113930083,10,0.390422047,0.084864353,1,-0.268032726,1,7,0,1264,Non-Resistant,,Both NR,mismatch,Match
F07,0.096181472,11,0.403797668,0.080869081,5,0.180795239,4,10,1,1270,Resistant,,mismatch,Both R,Match
F08,0.093027697,11,0.414158357,0.073341059,10,-0.256676078,9,8,1,1274,Non-Resistant,,mismatch,mismatch,No Match
F09,0.287079264,11,0.273556098,0.085795793,28,-0.154359301,26,10,1,1277,Non-Resistant,,mismatch,mismatch,No Match
F10,0.074065452,18,0.347543682,0.036472855,1,-0.341436953,1,3,0,1280,Non-Resistant,,Both NR,mismatch,Match
F11,0.105985057,7,0.364637718,0.050788749,1,-0.243992605,1,5,0,1283,Non-Resistant,,Both NR,mismatch,Match
F12,0.081254069,17,0.200334545,0.083722861,3,-0.373173114,3,7,0,1286,Non-Resistant,,Both NR,mismatch,Match
G01,0.099178746,19,0.315757199,0.127500687,9,-0.447909851,8,7,0,1289,Non-Resistant,,Both NR,mismatch,Match
G02,0.092016368,12,-0.012180632,0.049382824,2,-0.313509988,1,5,0,1292,Non-Resistant,,Both NR,mismatch,Match
G03,0.062777327,13,0.377426651,0.040759509,1,-0.37564604,1,4,0,1298,Non-Resistant,,Both NR,mismatch,Match
G04,0.086494365,10,0.405134853,0.033106255,25,-0.319790053,18,6,0,1304,Non-Resistant,,Both NR,mismatch,Match
G05,0.079542469,10,0.429960369,0.049647901,1,0.061463329,1,6,0,1308,Resistant,,mismatch,mismatch,No Match
G06,0.081676991,12,0.389287606,0.042733538,1,-0.357995186,1,4,0,1311,Non-Resistant,,Both NR,mismatch,Match
G07,0.076941085,9,0.39657637,0.037895483,5,-0.015295491,3,6,0,1314,Non-Resistant,,Both NR,mismatch,Match
G08,0.064318832,8,0.403616854,0.042871319,2,0.082634007,1,6,0,1318,Resistant,,mismatch,mismatch,No Match
G09,0.074440023,11,0.426380744,0.039060388,13,0.010572079,10,8,1,1321,Resistant,,mismatch,Both R,Match
G10,0.082539911,9,0.409277964,0.032261817,2,-0.299919595,2,5,0,1333,Non-Resistant,,Both NR,mismatch,Match
G11,0.084020431,14,0.398964573,0.041830256,1,-0.267732973,1,5,0,1336,Non-Resistant,,Both NR,mismatch,Match
G12,0.075366788,14,0.393563357,0.04036086,1,-0.201082726,1,5,0,1339,Non-Resistant,,Both NR,mismatch,Match
H01,0.072277802,29,0.024534257,0.046237642,7,-0.38075294,6,5,0,2732,Non-Resistant,,Both NR,mismatch,Match
H02,0.085027047,11,0.395150941,0.040478135,1,-0.330709567,1,4,0,2736,Non-Resistant,,Both NR,mismatch,Match
H03,0.083642285,14,0.378017737,0.040749323,1,-0.335541351,1,4,0,3306,Non-Resistant,,Both NR,mismatch,Match
H04,0.087234402,12,0.437184385,0.024138201,8,-0.037343922,6,6,0,3546,Resistant,,mismatch,mismatch,No Match
H05,0.093996062,8,0.448470202,0.022937667,19,-0.171228595,11,6,0,3549,Non-Resistant,,Both NR,mismatch,Match
H06,0.100605647,11,0.451668099,0.025495739,12,-0.088449125,8,6,0,3552,Non-Resistant,,Both NR,mismatch,Match
H07,0.08440025,10,0.421842164,0.038248479,1,0.104703382,1,6,0,3997,Resistant,,mismatch,mismatch,No Match
H08,0.067167436,13,0.412409477,0.056464269,1,-0.010924347,1,7,0,4045,Non-Resistant,,Both NR,mismatch,Match
H09,0.091795306,10,0.427136905,0.026349465,19,-0.044448191,11,7,0,4051,Non-Resistant,,Both NR,mismatch,Match
H10,0.103550305,11,0.466656012,0.02714873,17,-0.310372726,11,6,0,4063,Non-Resistant,,Both NR,mismatch,Match
H11,0.081915089,9,0.403612262,0.035748525,1,0.045696501,1,5,0,4068,Resistant,,mismatch,mismatch,No Match
H12,0.104077936,12,0.36022572,0.100856572,13,-0.342833406,14,8,1,4081,Non-Resistant,,mismatch,mismatch,No Match
,,,,,,,,,,,,,,,
,,,,,,,,,,,,,358,263,621
,,,,,,,,,,,,,,,0.717919075
