39,70,Saccharomyces.cerevisiae
41,72,Saccharomyces.cerevisiae
42,73,Saccharomyces.cerevisiae
43,74,Saccharomyces.cerevisiae
45,76,Saccharomyces.cerevisiae
46,77,Saccharomyces.cerevisiae
47,78,Saccharomyces.cerevisiae
48,79,Saccharomyces.cerevisiae
49,80,Saccharomyces.cerevisiae
50,81,Saccharomyces.cerevisiae
51,82,Saccharomyces.cerevisiae
52,83,Saccharomyces.cerevisiae
53,84,Saccharomyces.cerevisiae
54,85,Saccharomyces.cerevisiae
55,86,Saccharomyces.cerevisiae
56,87,Saccharomyces.cerevisiae
57,88,Saccharomyces.cerevisiae
58,89,Saccharomyces.cerevisiae
59,90,Saccharomyces.cerevisiae
60,91,Saccharomyces.cerevisiae
61,92,Saccharomyces.cerevisiae
62,93,Saccharomyces.cerevisiae
63,94,Saccharomyces.cerevisiae
64,95,Saccharomyces.cerevisiae
65,96,Saccharomyces.cerevisiae
66,97,Saccharomyces.cerevisiae
70,505,Saccharomyces.cerevisiae
76,1006,Saccharomyces.cerevisiae
77,1026,Saccharomyces.cerevisiae
78,1187,Saccharomyces.cerevisiae
79,1228,Saccharomyces.cerevisiae
80,1245,Saccharomyces.cerevisiae
81,1681,Saccharomyces.cerevisiae
