,Plate 1,,,,,,,,,,,
,1,2,3,4,5,6,7,8,9,10,11,12
A,1 Candida famata var. famata,2 Dekkera anomala           ,4 Candida tropicalis        ,6 Candida kefyr             ,8 Debaryomyces hansenii      ,9 Debaryomyces hansenii     ,10 Debaryomyces hansenii  ,16 Pichia subpelliculosa,17 Hanseniaspora valbyensis,18 Pichia anomala,20 Pichia anomala,21 Pichia membranifaciens
B,22 Williopsis saturnus var. saturnus,23 Williopsis saturnus var. saturnus,26 Kloeckera africana         ,31 Kloeckera corticis,36 Hanseniaspora vineae,39 Candida catenulata       ,40 Guilliermondella selenospora,43 Candida krusei           ,44 Pichia membranifaciens,45 Candida krusei,46 Nadsonia fulvescens Var.  fulvescens,49 Geotrichum candidum
C,51 Pichia membranifaciens,52 Pichia membranifaciens,54 Pichia membranifaciens,55 Pichia membranifaciens,56 Debaryomyces polymorphus,57 Williopsis saturnus var. saturnus,58 Kloeckera africana,59 Rhodotorula glutinis var. glutinis,60 Rhodotorula glutinis var. glutinis,61 Rhodotorula glutinis var. glutinis,62 Rhodotorula minuta var. minuta,63 Rhodotorula mucilaginosa
D,64 Rhodotorula mucilaginosa,65 Rhodotorula mucilaginosa,68 Rhodotorula mucilaginosa,70 Saccharomyces cerevisiae,71 Candida famata var. famata ,72 Saccharomyces cerevisiae,73 Saccharomyces cerevisiae,74 Saccharomyces cerevisiae,75 Saccharomyces pastorianus,76 Saccharomyces cerevisiae,77 Saccharomyces cerevisiae,78 Saccharomyces cerevisiae
E,79 Saccharomyces cerevisiae,80 Saccharomyces cerevisiae,81 Saccharomyces cerevisiae,82 Saccharomyces cerevisiae,83 Saccharomyces cerevisiae,84 Saccharomyces cerevisiae,85 Saccharomyces cerevisiae,86 Saccharomyces cerevisiae,87 Saccharomyces cerevisiae,88 Saccharomyces cerevisiae,89 Saccharomyces cerevisiae,90 Saccharomyces cerevisiae
F,91 Saccharomyces cerevisiae,92 Saccharomyces cerevisiae,93 Saccharomyces cerevisiae,94 Saccharomyces cerevisiae,95 Saccharomyces cerevisiae,96 Saccharomyces cerevisiae,97 Saccharomyces cerevisiae,17     H.valbyensis,388     C.glabrata,416           K.lactis,505    S.cerevisiae,523    V.polyspora
G,568           Z.rouxii,731 S'my.Ludwigii,768 Nk.Delphensis,777 N.dairenensis,1006 S.cerevisiae,1026 S.cerevisiae,1187 S.cerevisiae,1228 S.cerevisiae,1245 S.cerevisiae,1681 S.cerevisiae,2433 L.thermotolerans,2489      Zt.mrakii
H,2572     D.hansenii,2577 Kaz.servazzii,2578     S.bayanus         ,2600 S.paradoxus,2629 T.delbrueckii,2701 Kaz.viticola,2791 K.marxianus,2804       S.uvarum,2888     S.mikatae,2889 S.kudriavzevii,2890 S.cariocanus,2904 Y.lipolytica
