strain,resistance,Strain Name,RESISTANT AND SACCH,RESISTANT NON-SACCH,NON-RES SACCH,NON-RES NON-SACCH,
1,Non-Resistant,Candida famata var. famata,0,0,0,1,
2,Non-Resistant,Dekkera anomala,0,0,0,1,
4,Non-Resistant,Candida tropicalis,0,0,0,1,
6,Resistant,Candida kefyr,0,1,0,0,
8,Non-Resistant,Debaryomyces hansenii,0,0,0,1,
9,Non-Resistant,Debaryomyces hansenii,0,0,0,1,
10,Non-Resistant,Debaryomyces hansenii,0,0,0,1,
16,Resistant,Pichia subpelliculosa,0,1,0,0,
17,Non-Resistant,Hanseniaspora valbyensis,0,0,0,1,
18,Non-Resistant,Pichia anomala,0,0,0,1,
20,Non-Resistant,Pichia anomala,0,0,0,1,
21,Non-Resistant,Pichia,0,0,0,1,
22,Non-Resistant,Williopsis saturnus var. saturnus,0,0,0,1,
23,Resistant,Williopsis saturnus var. saturnus,0,1,0,0,
26,Non-Resistant,Kloeckera africana,0,0,0,1,
31,Resistant,Kloeckera corticis,0,1,0,0,
36,Non-Resistant,Hanseniaspora vineae,0,0,0,1,
39,Resistant,Candida catenulata,0,1,0,0,
40,Non-Resistant,Guilliermondella selenospora,0,0,0,1,
43,Non-Resistant,Candida krusei,0,0,0,1,
44,Resistant,Pichia membranifaciens,0,1,0,0,
45,Non-Resistant,Candida krusei,0,0,0,1,
46,Non-Resistant,Nadsonia fulvescens Var. fulvescens,0,0,0,1,
49,Non-Resistant,Geotrichum candidum,0,0,0,1,
51,Non-Resistant,Pichia membranifaciens,0,0,0,1,
52,Non-Resistant,Pichia membranifaciens,0,0,0,1,
54,Resistant,Pichia membranifaciens,0,1,0,0,
55,Resistant,Pichia membranifaciens,0,1,0,0,
56,Resistant,Debaryomyces polymorphus,0,1,0,0,
57,Non-Resistant,Williopsis saturnus var. saturnus,0,0,0,1,
58,Non-Resistant,Kloeckera africana,0,0,0,1,
59,Resistant,Rhodotorula glutinis var. glutinis,0,1,0,0,
60,Non-Resistant,Rhodotorula glutinis var. glutinis,0,0,0,1,
61,Non-Resistant,Rhodotorula glutinis var. glutinis,0,0,0,1,
62,Non-Resistant,Rhodotorula minuta,0,0,0,1,
63,Non-Resistant,Rhodotorula mucilaginosa,0,0,0,1,
64,Non-Resistant,Rhodotorula mucilaginosa,0,0,0,1,
65,Non-Resistant,Rhodotorula mucilaginosa,0,0,0,1,
68,Resistant,Rhodotorula mucilaginosa,0,1,0,0,
70,Non-Resistant,Saccharomyces cerevisiae,0,0,1,0,
71,Non-Resistant,Candida,0,0,0,1,
72,Resistant,Saccharomyces cerevisiae,1,0,0,0,
73,Non-Resistant,Saccharomyces cerevisiae,0,0,1,0,
74,Non-Resistant,Saccharomyces cerevisiae,0,0,1,0,
75,Non-Resistant,Saccharomyces pastorianus,0,0,0,1,
76,Resistant,Saccharomyces cerevisiae,1,0,0,0,
77,Non-Resistant,Saccharomyces cerevisiae,0,0,1,0,
78,Non-Resistant,Saccharomyces cerevisiae,0,0,1,0,
79,Non-Resistant,Saccharomyces cerevisiae,0,0,1,0,
80,Non-Resistant,Saccharomyces cerevisiae,0,0,1,0,
81,Non-Resistant,Saccharomyces cerevisiae,0,0,1,0,
82,Non-Resistant,Saccharomyces cerevisiae,0,0,1,0,
83,Non-Resistant,Saccharomyces cerevisiae,0,0,1,0,
84,Resistant,Saccharomyces cerevisiae,1,0,0,0,
85,Non-Resistant,Saccharomyces cerevisiae,0,0,1,0,
86,Resistant,Saccharomyces cerevisiae,1,0,0,0,
87,Non-Resistant,Saccharomyces cerevisiae,0,0,1,0,
88,Resistant,Saccharomyces cerevisiae,1,0,0,0,
89,Non-Resistant,Saccharomyces cerevisiae,0,0,1,0,
90,Non-Resistant,Saccharomyces cerevisiae,0,0,1,0,
91,Non-Resistant,Saccharomyces cerevisiae,0,0,1,0,
92,Non-Resistant,Saccharomyces cerevisiae,0,0,1,0,
93,Non-Resistant,Saccharomyces cerevisiae,0,0,1,0,
94,Non-Resistant,Saccharomyces cerevisiae,0,0,1,0,
95,Resistant,Saccharomyces cerevisiae,1,0,0,0,
96,Non-Resistant,Saccharomyces cerevisiae,0,0,1,0,
97,Non-Resistant,Saccharomyces cerevisiae,0,0,1,0,
17,Non-Resistant,Hanseniaspora valbyensis,0,0,0,1,
388,Non-Resistant,Candida glabrata,0,0,0,1,
416,Non-Resistant,Kluyveromyces lactis,0,0,0,1,
505,Non-Resistant,Saccharomyces cerevisiae,0,0,1,0,
523,Non-Resistant,Vanderwaltozyma polyspora,0,0,0,1,
568,Non-Resistant,Zygosaccharomyces rouxii,0,0,0,1,
731,Non-Resistant,Saccharomycodes Ludwigii,0,0,0,1,
768,Non-Resistant,Nakaseomyces Delphensis,0,0,0,1,
777,Non-Resistant,Naumovozyma dairenensis,0,0,0,1,
1006,Non-Resistant,Saccharomyces cerevisiae,0,0,1,0,
1026,Resistant,Saccharomyces cerevisiae,1,0,0,0,
1187,Resistant,Saccharomyces cerevisiae,1,0,0,0,
1228,Non-Resistant,Saccharomyces cerevisiae,0,0,1,0,
1245,Non-Resistant,Saccharomyces cerevisiae,0,0,1,0,
1681,Non-Resistant,Saccharomyces cerevisiae,0,0,1,0,
2433,Resistant,Lachancea thermotolerans,0,1,0,0,
2489,Resistant,Zygotorulaspora mrakii,0,1,0,0,
2572,Non-Resistant,Debaryomyces hansenii,0,0,0,1,
2577,Resistant,Kazachstania servazzii,0,1,0,0,
2578,Non-Resistant,Saccharomyces bayanus,0,0,0,1,
2600,Resistant,Saccharomyces paradoxus,0,1,0,0,
2629,Non-Resistant,Torulaspora delbrueckii,0,0,0,1,
2701,Resistant,Kazachstania viticola,0,1,0,0,
2791,Resistant,Kluyveromyces marxianus,0,1,0,0,
2804,Resistant,Saccharomyces uvarum,0,1,0,0,
2888,Non-Resistant,Saccharomyces mikatae,0,0,0,1,
2889,Non-Resistant,Saccharomyces kudriavzevii,0,0,0,1,
2890,Non-Resistant,Saccharomyces cariocanus,0,0,0,1,
2904,Non-Resistant,Yarrowia lipolytica,0,0,0,1,
166,Non-Resistant,Metschnikowia pulcherrima,0,0,0,1,
371,Non-Resistant,Metschnikowia pulcherrima,0,0,0,1,
372,Resistant,Metschnikowia pulcherrima,0,1,0,0,
373,Non-Resistant,Metschnikowia pulcherrima,0,0,0,1,
745,Non-Resistant,Metschnikowia reukaufii,0,0,0,1,
746,Non-Resistant,Metschnikowia reukaufii,0,0,0,1,
747,Resistant,Metschnikowia pulcherrima,0,1,0,0,
783,Non-Resistant,Metschnikowia zobellii,0,0,0,1,
794,Non-Resistant,Metschnikowia zobellii,0,0,0,1,
894,Non-Resistant,Metschnikowia lunata,0,0,0,1,
2321,Non-Resistant,Metschnikowia pulcherrima,0,0,0,1,
2322,Non-Resistant,Metschnikowia pulcherrima,0,0,0,1,
2395,Resistant,Metschnikowia hawaiiensis,0,1,0,0,
2396,Non-Resistant,Metschnikowia hawaiiensis,0,0,0,1,
2480,Resistant,Metschnikowia agaves,0,1,0,0,
2486,Non-Resistant,Metschnikowia agaves,0,0,0,1,
2491,Resistant,Metschnikowia gruessii,0,1,0,0,
2492,Non-Resistant,Metschnikowia gruessii,0,0,0,1,
2521,Non-Resistant,Metschnikowia bicuspidata,0,0,0,1,
2529,Resistant,Metschnikowia bicuspidata,0,1,0,0,
2580,Non-Resistant,Metschnikowia pulcherrima,0,0,0,1,
2753,Non-Resistant,Metschnikowia zobellii,0,0,0,1,
3047,Non-Resistant,Metschnikowia pulcherrima,0,0,0,1,
3096,Non-Resistant,Metschnikowia fructicola,0,0,0,1,
3129,Non-Resistant,Metschnikowia sp.,0,0,0,1,
3398,Resistant,Metschnikowia aff.fructicola,0,1,0,0,
3400,Resistant,Metschnikowia sp.nov.,0,1,0,0,
3719,Resistant,Metschnikowia chrysoperlae,0,1,0,0,
3792,Non-Resistant,Metschnikowia koreensis,0,0,0,1,
3870,Non-Resistant,Metschnikowia koreensis,0,0,0,1,
140,Resistant,Torulaspora delbrueckii,0,1,0,0,
141,Non-Resistant,Torulaspora delbrueckii,0,0,0,1,
147,Non-Resistant,Naumovozyma castellii,0,0,0,1,
161,Non-Resistant,Torulaspora delbrueckii,0,0,0,1,
408,Non-Resistant,Torulaspora delbrueckii,0,0,0,1,
411,Non-Resistant,Torulaspora microellipsoides,0,0,0,1,
492,Non-Resistant,Saccharomyces cerevisiae,0,0,1,0,
524,Resistant,Torulaspora pretoriensis,0,1,0,0,
559,Non-Resistant,Torulaspora delbrueckii,0,0,0,1,
566,Non-Resistant,Torulaspora delbrueckii,0,0,0,1,
582,Resistant,Torulaspora delbrueckii,0,1,0,0,
585,Non-Resistant,Torulaspora delbrueckii,0,0,0,1,
608,Non-Resistant,Torulaspora delbrueckii,0,0,0,1,
677,Non-Resistant,Torulaspora delbrueckii,0,0,0,1,
678,Resistant,Torulaspora delbrueckii,0,1,0,0,
696,Non-Resistant,Torulaspora delbrueckii,0,0,0,1,
820,Non-Resistant,Torulaspora globosa,0,0,0,1,
2473,Non-Resistant,Torulaspora delbrueckii,0,0,0,1,
2568,Non-Resistant,Torulaspora microellipsoides,0,0,0,1,
2741,Non-Resistant,Torulaspora delbrueckii,0,0,0,1,
2885,Non-Resistant,Torulaspora delbrueckii,0,0,0,1,
3024,Non-Resistant,Torulaspora microellipsoides,0,0,0,1,
3141,Resistant,Torulaspora microellipsoides,0,1,0,0,
3239,Non-Resistant,Torulaspora microellipsoides,0,0,0,1,
3255,Resistant,Torulaspora microellipsoides,0,1,0,0,
3506,Non-Resistant,Torulaspora microellipsoides,0,0,0,1,
3877,Resistant,Torulaspora franciscae,0,1,0,0,
62,Non-Resistant,Rhodotorula minuta var. minuta,0,0,0,1,
135,Non-Resistant,Rhodotorula mucilaginosa,0,0,0,1,
138,Non-Resistant,Rhodotorula aurantiaca,0,0,0,1,
142,Non-Resistant,Rhodotorula mucilaginosa,0,0,0,1,
154,Non-Resistant,Rhodotorula glutinis var. glutinis,0,0,0,1,
155,Non-Resistant,Rhodotorula glutinis var. glutinis,0,0,0,1,
158,Resistant,Rhodotorula mucilaginosa,0,1,0,0,
159,Non-Resistant,Rhodotorula mucilaginosa,0,0,0,1,
162,Non-Resistant,Rhodotorula glutinis var. glutinis,0,0,0,1,
195,Non-Resistant,Rhodotorula mucilaginosa,0,0,0,1,
377,Non-Resistant,Rhodotorula glutinis var. glutinis,0,0,0,1,
502,Non-Resistant,Rhodotorula graminis,0,0,0,1,
539,Non-Resistant,Rhodotorula minuta var. minuta,0,0,0,1,
541,Non-Resistant,Rhodotorula minuta var. minuta,0,0,0,1,
758,Non-Resistant,Rhodotorula mucilaginosa,0,0,0,1,
759,Non-Resistant,Rhodotorula mucilaginosa,0,0,0,1,
796,Non-Resistant,Rhodotorula mucilaginosa,0,0,0,1,
797,Non-Resistant,Rhodotorula mucilaginosa,0,0,0,1,
844,Non-Resistant,Rhodotorula minuta var. minuta,0,0,0,1,
845,Resistant,Rhodotorula minuta var. minuta,0,1,0,0,
930,Resistant,Rhodotorula minuta var. minuta,0,1,0,0,
931,Non-Resistant,Rhodotorula minuta var. minuta,0,0,0,1,
974,Non-Resistant,Rhodotorula glutinis var. glutinis,0,0,0,1,
1401,Non-Resistant,Rhodotorula graminis,0,0,0,1,
1645,Resistant,Rhodotorula mucilaginosa,0,1,0,0,
1646,Resistant,Rhodotorula mucilaginosa,0,1,0,0,
1647,Non-Resistant,Rhodotorula mucilaginosa,0,0,0,1,
1648,Resistant,Rhodotorula mucilaginosa,0,1,0,0,
1649,Non-Resistant,Rhodotorula mucilaginosa,0,0,0,1,
1650,Resistant,Rhodotorula mucilaginosa,0,1,0,0,
1651,Non-Resistant,Rhodotorula mucilaginosa,0,0,0,1,
1659,Resistant,Rhodotorula mucilaginosa,0,1,0,0,
1660,Resistant,Rhodotorula mucilaginosa,0,1,0,0,
2439,Resistant,Rhodotorula glutinis,0,1,0,0,
2440,Non-Resistant,Rhodotorula glutinis,0,0,0,1,
2581,Non-Resistant,Rhodotorula minuta var. minuta,0,0,0,1,
2599,Non-Resistant,Rhodotorula mucilaginosa,0,0,0,1,
2605,Non-Resistant,Rhodotorula vanillica,0,0,0,1,
2666,Non-Resistant,Rhodotorula glutinis var. glutinis,0,0,0,1,
2752,Non-Resistant,Rhodotorula cresolica,0,0,0,1,
2864,Resistant,Rhodotorula mucilaginosa,0,1,0,0,
2873,Non-Resistant,Rhodotorula creatinovora,0,0,0,1,
2972,Non-Resistant,Rhodotorula graminis,0,0,0,1,
3056,Non-Resistant,Rhodotorula sp. nov. ,0,0,0,1,
3057,Resistant,Rhodotorula mucilaginosa,0,1,0,0,
3072,Non-Resistant,Rhodotorula laryngis,0,0,0,1,
3120,Non-Resistant,Rhodotorula phylloplana,0,0,0,1,
3401,Non-Resistant,Rhodotorula graminis,0,0,0,1,
3411,Non-Resistant,Rhodotorula mucilaginosa,0,0,0,1,
3444,Non-Resistant,Rhodotorula dairenensis,0,0,0,1,
3504,Resistant,Rhodotorula mucilaginosa,0,1,0,0,
3536,Non-Resistant,Rhodotorula mucilaginosa,0,0,0,1,
3721,Resistant,Rhodotorula slooffiae,0,1,0,0,
3722,Non-Resistant,Rhodotorula graminis,0,0,0,1,
3725,Resistant,Rhodotorula dairenensis,0,1,0,0,
3735,Non-Resistant,Rhodotorula mucilaginosa,0,0,0,1,
3772,Non-Resistant,Rhodotorula mucilaginosa,0,0,0,1,
3775,Resistant,Rhodotorula mucilaginosa,0,1,0,0,
3816,Non-Resistant,Rhodotorula mucilaginosa,0,0,0,1,
3817,Non-Resistant,Rhodotorula mucilaginosa,0,0,0,1,
3820,Non-Resistant,Rhodotorula mucilaginosa,0,0,0,1,
3821,Non-Resistant,Rhodotorula mucilaginosa,0,0,0,1,
3832,Non-Resistant,Rhodotorula sp. nov.,0,0,0,1,
3833,Resistant,Rhodotorula sp. nov.,0,1,0,0,
3834,Resistant,Rhodotorula laryngis,0,1,0,0,
3835,Resistant,Rhodotorula sp. nov.,0,1,0,0,
3836,Non-Resistant,Rhodotorula laryngis,0,0,0,1,
3837,Non-Resistant,Rhodotorula laryngis,0,0,0,1,
3838,Resistant,Rhodotorula laryngis,0,1,0,0,
3867,Non-Resistant,Rhodotorula mucilaginosa,0,0,0,1,
3872,Non-Resistant,Rhodotorula mucilaginosa,0,0,0,1,
2826,Non-Resistant,Saccharomyces cerevisiae,0,0,1,0,
3284,Non-Resistant,Saccharomyces cerevisiae,0,0,1,0,
3290,Non-Resistant,Saccharomyces cerevisiae,0,0,1,0,
3312,Non-Resistant,Saccharomyces cerevisiae,0,0,1,0,
3452,Resistant,Saccharomyces cerevisiae,1,0,0,0,
3468,Non-Resistant,Saccharomyces cerevisiae,0,0,1,0,
99,Non-Resistant,Saccharomyces pastorianus,0,0,0,1,
104,Resistant,Saccharomyces cerevisiae,1,0,0,0,
107,Non-Resistant,Saccharomyces cerevisiae,0,0,1,0,
108,Non-Resistant,Saccharomyces cerevisiae,0,0,1,0,
109,Non-Resistant,Saccharomyces kudriavzevii,0,0,0,1,
110,Resistant,Saccharomyces cerevisiae,1,0,0,0,
113,Non-Resistant,Saccharomyces cerevisiae,0,0,1,0,
118,Non-Resistant,Saccharomyces cerevisiae,0,0,1,0,
121,Non-Resistant,Saccharomyces cerevisiae,0,0,1,0,
122,Non-Resistant,Saccharomyces cerevisiae,0,0,1,0,
124,Non-Resistant,Saccharomyces cerevisiae,0,0,1,0,
125,Non-Resistant,Saccharomyces cerevisiae,0,0,1,0,
126,Non-Resistant,Saccharomyces cerevisiae,0,0,1,0,
167,Resistant,Saccharomyces cerevisiae,1,0,0,0,
176,Non-Resistant,Saccharomyces cerevisiae,0,0,1,0,
177,Resistant,Saccharomyces cerevisiae,1,0,0,0,
181,Non-Resistant,Saccharomyces cerevisiae,0,0,1,0,
182,Resistant,Saccharomyces cerevisiae,1,0,0,0,
183,Non-Resistant,Saccharomyces cerevisiae,0,0,1,0,
185,Non-Resistant,Saccharomyces cerevisiae,0,0,1,0,
186,Non-Resistant,Saccharomyces cerevisiae,0,0,1,0,
187,Non-Resistant,Saccharomyces cerevisiae,0,0,1,0,
190,Non-Resistant,Saccharomyces cerevisiae,0,0,1,0,
192,Non-Resistant,Saccharomyces cerevisiae,0,0,1,0,
196,Resistant,Saccharomyces cerevisiae,1,0,0,0,
197,Non-Resistant,Saccharomyces cerevisiae,0,0,1,0,
198,Non-Resistant,Saccharomyces cerevisiae,0,0,1,0,
199,Non-Resistant,Saccharomyces cerevisiae,0,0,1,0,
200,Non-Resistant,Saccharomyces cerevisiae,0,0,1,0,
201,Non-Resistant,Saccharomyces cerevisiae,0,0,1,0,
202,Non-Resistant,Saccharomyces cerevisiae,0,0,1,0,
205,Non-Resistant,Saccharomyces cerevisiae,0,0,1,0,
206,Non-Resistant,Saccharomyces cerevisiae,0,0,1,0,
207,Non-Resistant,Saccharomyces cerevisiae,0,0,1,0,
208,Non-Resistant,Saccharomyces cerevisiae,0,0,1,0,
209,Non-Resistant,Saccharomyces cerevisiae,0,0,1,0,
210,Non-Resistant,Saccharomyces cerevisiae,0,0,1,0,
211,Resistant,Saccharomyces cerevisiae,1,0,0,0,
212,Resistant,Saccharomyces cerevisiae,1,0,0,0,
213,Non-Resistant,Saccharomyces cerevisiae,0,0,1,0,
214,Non-Resistant,Saccharomyces cerevisiae,0,0,1,0,
215,Non-Resistant,Saccharomyces cerevisiae,0,0,1,0,
216,Resistant,Saccharomyces cerevisiae,1,0,0,0,
217,Resistant,Saccharomyces cerevisiae,1,0,0,0,
218,Non-Resistant,Saccharomyces cerevisiae,0,0,1,0,
219,Resistant,Saccharomyces cerevisiae,1,0,0,0,
220,Non-Resistant,Saccharomyces cerevisiae,0,0,1,0,
221,Resistant,Saccharomyces cerevisiae,1,0,0,0,
222,Non-Resistant,Saccharomyces cerevisiae,0,0,1,0,
223,Resistant,Saccharomyces cerevisiae,1,0,0,0,
224,Resistant,Saccharomyces cerevisiae,1,0,0,0,
225,Resistant,Saccharomyces cerevisiae,1,0,0,0,
226,Non-Resistant,Saccharomyces cerevisiae,0,0,1,0,
227,Non-Resistant,Saccharomyces cerevisiae,0,0,1,0,
228,Non-Resistant,Saccharomyces cerevisiae,0,0,1,0,
229,Non-Resistant,Saccharomyces cerevisiae,0,0,1,0,
230,Non-Resistant,Saccharomyces cerevisiae,0,0,1,0,
231,Non-Resistant,Saccharomyces cerevisiae,0,0,1,0,
392,Resistant,Saccharomyces pastorianus,0,1,0,0,
971,Non-Resistant,Kazachstania unispora,0,0,0,1,
2449,Non-Resistant,Kazachstania telluris,0,0,0,1,
2560,Non-Resistant,Kazachstania sinensis,0,0,0,1,
2729,Resistant,Kazachstania africana,0,1,0,0,
2703,Non-Resistant,Kazachstania martiniae,0,0,0,1,
2991,Non-Resistant,Kazachstania spencerorum,0,0,0,1,
2827,Non-Resistant,Kazachstania rosinii,0,0,0,1,
1417,Non-Resistant,Kazachstania lodderae,0,0,0,1,
2483,Non-Resistant,Kazachstania piceae,0,0,0,1,
2702,Resistant,Kazachstania kunashirensis,0,1,0,0,
814,Non-Resistant,Kazachstania exigua,0,0,0,1,
3853,Resistant,Rhodotorula sp. nov.,0,1,0,0,
2878,Non-Resistant,Metschnikowia aff. fructicola,0,0,0,1,
2450,Resistant,Candida humilis,0,1,0,0,
3108,Non-Resistant,Naumovozyma castellii,0,0,0,1,
2754,Non-Resistant,Vanderwaltozyma yarrowii,0,0,0,1,
2403,Resistant,Zygosaccharomyces mellis,0,1,0,0,
1416,Non-Resistant,Zygosaccharomyces bailii,0,0,0,1,
1495,Non-Resistant,Zygosaccharomyces bisporus,0,0,0,1,
2999,Non-Resistant,Zygosaccharomyces kombuchaensis,0,0,0,1,
2789,Non-Resistant,Zygosaccharomyces lentus,0,0,0,1,
2513,Non-Resistant,Zygotorulaspora florentinus,0,0,0,1,
2875,Resistant,Lachancea cidri,0,1,0,0,
2508,Resistant,Lachancea fermentati,0,1,0,0,
2644,Resistant,Lachancea waltii,0,1,0,0,
543,Non-Resistant,Lachancea kluyveri,0,0,0,1,
546,Non-Resistant,Kluyveromyces wickerhamii,0,0,0,1,
538,Resistant,Kluyveromyces dobzhanskii,0,1,0,0,
3788,Non-Resistant,Hanseniaspora guilliermondii,0,0,0,1,
2739,Non-Resistant,Hanseniaspora uvarum,0,0,0,1,
2976,Non-Resistant,Hanseniaspora osmophila,0,0,0,1,
17,Non-Resistant,Hanseniaspora valbyensis,0,0,0,1,
1063,Non-Resistant,Saccharomyces cerevisiae,0,0,1,0,
1064,Non-Resistant,Saccharomyces cerevisiae,0,0,1,0,
1151,Resistant,Saccharomyces cerevisiae,1,0,0,0,
1337,Non-Resistant,Saccharomyces cerevisiae,0,0,1,0,
2904,Non-Resistant,Yarrowia lipolytica,0,0,0,1,
1449,Resistant,Starmerella bombicola,0,1,0,0,
2908,Non-Resistant,Starmerella bombicola,0,0,0,1,
3612,Non-Resistant,Saccharomyces cerevisiae,0,0,1,0,
3630,Non-Resistant,Saccharomyces cerevisiae,0,0,1,0,
3662,Resistant,Saccharomyces paradoxus,0,1,0,0,
826,Non-Resistant,Saccharomyces cerevisiae,0,0,1,0,
232,Non-Resistant,Saccharomyces cerevisiae,0,0,1,0,
754,Non-Resistant,Saccharomyces cerevisiae,0,0,1,0,
667,Non-Resistant,Saccharomyces cerevisiae,0,0,1,0,
975,Non-Resistant,Saccharomyces pastorianus,0,0,0,1,
956,Non-Resistant,Saccharomyces cerevisiae,0,0,1,0,
695,Non-Resistant,Saccharomyces cerevisiae,0,0,1,0,
739,Resistant,Saccharomyces cerevisiae,1,0,0,0,
235,Non-Resistant,Saccharomyces cerevisiae,0,0,1,0,
3264,Resistant,Saccharomyces cerevisiae,1,0,0,0,
3265,Non-Resistant,Saccharomyces cerevisiae,0,0,1,0,
3266,Resistant,Saccharomyces cerevisiae,1,0,0,0,
3311,Non-Resistant,Saccharomyces cerevisiae,0,0,1,0,
3313,Non-Resistant,Saccharomyces cerevisiae,0,0,1,0,
3314,Non-Resistant,Saccharomyces cerevisiae,0,0,1,0,
3315,Non-Resistant,Saccharomyces cerevisiae,0,0,1,0,
3318,Non-Resistant,Saccharomyces cerevisiae,0,0,1,0,
3319,Non-Resistant,Saccharomyces cerevisiae,0,0,1,0,
3445,Resistant,Saccharomyces cerevisiae,1,0,0,0,
3447,Non-Resistant,Saccharomyces cerevisiae,0,0,1,0,
3448,Non-Resistant,Saccharomyces cerevisiae,0,0,1,0,
3449,Non-Resistant,Saccharomyces cerevisiae,0,0,1,0,
3451,Non-Resistant,Saccharomyces cerevisiae,0,0,1,0,
3453,Non-Resistant,Saccharomyces cerevisiae,0,0,1,0,
3454,Non-Resistant,Saccharomyces cerevisiae,0,0,1,0,
3455,Non-Resistant,Saccharomyces cerevisiae,0,0,1,0,
3456,Non-Resistant,Saccharomyces cerevisiae,0,0,1,0,
3457,Non-Resistant,Saccharomyces cerevisiae,0,0,1,0,
3458,Non-Resistant,Saccharomyces cerevisiae,0,0,1,0,
3460,Non-Resistant,Saccharomyces cerevisiae,0,0,1,0,
3461,Non-Resistant,Saccharomyces cerevisiae,0,0,1,0,
3462,Resistant,Saccharomyces cerevisiae,1,0,0,0,
3466,Resistant,Saccharomyces cerevisiae,1,0,0,0,
3467,Non-Resistant,Saccharomyces cerevisiae,0,0,1,0,
3469,Non-Resistant,Saccharomyces cerevisiae,0,0,1,0,
3470,Non-Resistant,Saccharomyces cerevisiae,0,0,1,0,
3471,Resistant,Saccharomyces cerevisiae,1,0,0,0,
3472,Resistant,Saccharomyces cerevisiae,1,0,0,0,
3486,Non-Resistant,Saccharomyces cerevisiae,0,0,1,0,
3487,Resistant,Saccharomyces cerevisiae,1,0,0,0,
360,Non-Resistant,Saccharomyces cerevisiae,0,0,1,0,
431,Resistant,Saccharomyces cerevisiae,1,0,0,0,
2592,Non-Resistant,Saccharomyces cerevisiae,0,0,1,0,
2945,Resistant,Saccharomyces cerevisiae,1,0,0,0,
361,Resistant,Saccharomyces cerevisiae,1,0,0,0,
4000,Resistant,Kazachstania yasuniensis,0,1,0,0,
1444,Non-Resistant,Saccharomyces cerevisiae,0,0,1,0,
1603,Non-Resistant,Saccharomyces cerevisiae,0,0,1,0,
1606,Non-Resistant,Saccharomyces cerevisiae,0,0,1,0,
2397,Non-Resistant,Saccharomyces cerevisiae,0,0,1,0,
2733,Non-Resistant,Saccharomyces cerevisiae,0,0,1,0,
2737,Non-Resistant,Saccharomyces cerevisiae,0,0,1,0,
3406,Non-Resistant,Saccharomyces cerevisiae,0,0,1,0,
356,Non-Resistant,Saccharomyces cerevisiae,0,0,1,0,
357,Non-Resistant,Saccharomyces cerevisiae,0,0,1,0,
358,Non-Resistant,Saccharomyces cerevisiae,0,0,1,0,
430,Resistant,Saccharomyces cerevisiae,1,0,0,0,
463,Non-Resistant,Saccharomyces cerevisiae,0,0,1,0,
478,Non-Resistant,Saccharomyces cerevisiae,0,0,1,0,
479,Non-Resistant,Saccharomyces cerevisiae,0,0,1,0,
482,Non-Resistant,Saccharomyces cerevisiae,0,0,1,0,
619,Non-Resistant,Saccharomyces cerevisiae,0,0,1,0,
620,Resistant,Saccharomyces cerevisiae,1,0,0,0,
621,Non-Resistant,Saccharomyces cerevisiae,0,0,1,0,
671,Resistant,Saccharomyces cerevisiae,1,0,0,0,
672,Non-Resistant,Saccharomyces cerevisiae,0,0,1,0,
684,Resistant,Saccharomyces cerevisiae,1,0,0,0,
816,Non-Resistant,Saccharomyces cerevisiae,0,0,1,0,
1406,Non-Resistant,Saccharomyces cerevisiae,0,0,1,0,
1407,Resistant,Saccharomyces cerevisiae,1,0,0,0,
1408,Non-Resistant,Saccharomyces cerevisiae,0,0,1,0,
1409,Non-Resistant,Saccharomyces cerevisiae,0,0,1,0,
1410,Non-Resistant,Saccharomyces cerevisiae,0,0,1,0,
1411,Non-Resistant,Saccharomyces cerevisiae,0,0,1,0,
1412,Non-Resistant,Saccharomyces cerevisiae,0,0,1,0,
1413,Resistant,Saccharomyces cerevisiae,1,0,0,0,
1414,Resistant,Saccharomyces cerevisiae,1,0,0,0,
1415,Resistant,Saccharomyces cerevisiae,1,0,0,0,
1431,Non-Resistant,Saccharomyces cerevisiae,0,0,1,0,
2401,Non-Resistant,Saccharomyces cerevisiae,0,0,1,0,
2402,Resistant,Saccharomyces cerevisiae,1,0,0,0,
2517,Non-Resistant,Saccharomyces cerevisiae,0,0,1,0,
2587,Non-Resistant,Saccharomyces cerevisiae,0,0,1,0,
2683,Non-Resistant,Saccharomyces cerevisiae,0,0,1,0,
2688,Non-Resistant,Saccharomyces cerevisiae,0,0,1,0,
2695,Non-Resistant,Saccharomyces cerevisiae,0,0,1,0,
2804,Non-Resistant,Saccharomyces bayanus var. uvarum,0,0,0,1,
2808,Resistant,Saccharomyces cerevisiae,1,0,0,0,
2809,Non-Resistant,Saccharomyces cerevisiae,0,0,1,0,
2855,Non-Resistant,Saccharomyces cerevisiae,0,0,1,0,
2947,Resistant,Saccharomyces cerevisiae,1,0,0,0,
2948,Non-Resistant,Saccharomyces cerevisiae,0,0,1,0,
489,Non-Resistant,Saccharomyces cerevisiae,0,0,1,0,
490,Non-Resistant,Saccharomyces cerevisiae,0,0,1,0,
491,Resistant,Saccharomyces cerevisiae,1,0,0,0,
525,Non-Resistant,Saccharomyces cerevisiae,0,0,1,0,
694,Non-Resistant,Saccharomyces cerevisiae,0,0,1,0,
995,Non-Resistant,No Data,0,0,0,1,
996,Non-Resistant,No Data,0,0,0,1,
1529,Non-Resistant,Saccharomyces cerevisiae,0,0,1,0,
1530,Non-Resistant,Saccharomyces cerevisiae,0,0,1,0,
1765,Non-Resistant,Saccharomyces cerevisiae,0,0,1,0,
3020,Resistant,No Data,0,1,0,0,
3021,Non-Resistant,No Data,0,0,0,1,
3022,Resistant,No Data,0,1,0,0,
238,Non-Resistant,Saccharomyces cerevisiae,0,0,1,0,
241,Resistant,Saccharomyces cerevisiae,1,0,0,0,
341,Non-Resistant,Saccharomyces cerevisiae,0,0,1,0,
911,Non-Resistant,Pseudozyma aphidis,0,0,0,1,
1384,Non-Resistant,Pseudozyma fusiformata,0,0,0,1,
1510,Non-Resistant,Pseudozyma tsukubaensis,0,0,0,1,
3267,Non-Resistant,Pseudozyma sp.,0,0,0,1,
3431,Non-Resistant,Pseudozyma hubeiensis,0,0,0,1,
100,Resistant,Kluyveromyces marxianus,0,1,0,0,
111,Non-Resistant,Kluyveromyces marxianus,0,0,0,1,
143,Non-Resistant,Kluyveromyces marxianus,0,0,0,1,
151,Non-Resistant,Kluyveromyces marxianus,0,0,0,1,
152,Non-Resistant,Kluyveromyces marxianus,0,0,0,1,
179,Non-Resistant,Kluyveromyces marxianus,0,0,0,1,
188,Non-Resistant,Kluyveromyces marxianus,0,0,0,1,
243,Non-Resistant,Kluyveromyces marxianus,0,0,0,1,
244,Non-Resistant,Kluyveromyces marxianus,0,0,0,1,
350,Non-Resistant,Candida glabrata,0,0,0,1,
426,Non-Resistant,Kluyveromyces marxianus,0,0,0,1,
587,Non-Resistant,Kluyveromyces marxianus,0,0,0,1,
744,Non-Resistant,Kluyveromyces marxianus,0,0,0,1,
827,Resistant,Kluyveromyces marxianus,0,1,0,0,
851,Resistant,Kluyveromyces marxianus,0,1,0,0,
906,Non-Resistant,Kluyveromyces marxianus,0,0,0,1,
970,Non-Resistant,Kluyveromyces marxianus,0,0,0,1,
1424,Non-Resistant,Kluyveromyces marxianus,0,0,0,1,
1425,Resistant,Kluyveromyces marxianus,0,1,0,0,
1426,Resistant,Kluyveromyces marxianus,0,1,0,0,
1429,Non-Resistant,Kluyveromyces marxianus,0,0,0,1,
1441,Resistant,Kluyveromyces marxianus,0,1,0,0,
2265,Non-Resistant,Trichosporon domesticum,0,0,0,1,
2559,Resistant,Kluyveromyces dobzhanskii,0,1,0,0,
2597,Non-Resistant,Kluyveromyces marxianus var. marxianus,0,0,0,1,
2675,Resistant,Kluyveromyces marxianus,0,1,0,0,
2886,Resistant,Kluyveromyces marxianus,0,1,0,0,
2887,Resistant,Kluyveromyces marxianus,0,1,0,0,
2907,Non-Resistant,Kluyveromyces marxianus,0,0,0,1,
3104,Non-Resistant,Candida pseudointermedia,0,0,0,1,
3303,Non-Resistant,Candida glabrata,0,0,0,1,
3344,Non-Resistant,Kluyveromyces marxianus,0,0,0,1,
3396,Non-Resistant,Kluyveromyces marxianus,0,0,0,1,
3502,Non-Resistant,Candida glabrata,0,0,0,1,
3519,Non-Resistant,Candida glabrata,0,0,0,1,
3537,Non-Resistant,Candida glabrata,0,0,0,1,
128,Non-Resistant,Zygosaccharomyces bailii,0,0,0,1,
171,Non-Resistant,Zygosaccharomyces bisporus,0,0,0,1,
385,Resistant,Zygosaccharomyces bailii,0,1,0,0,
417,Non-Resistant,Zygosaccharomyces bailii,0,0,0,1,
464,Non-Resistant,Zygosaccharomyces bailii,0,0,0,1,
469,Non-Resistant,Kluyveromyces lactis,0,0,0,1,
548,Non-Resistant,Kluyveromyces lactis,0,0,0,1,
551,Non-Resistant,Kluyveromyces lactis,0,0,0,1,
563,Resistant,Zygosaccharomyces bailii,0,1,0,0,
570,Non-Resistant,Kluyveromyces lactis,0,0,0,1,
571,Resistant,Kluyveromyces lactis,0,1,0,0,
573,Non-Resistant,Zygosaccharomyces bailii,0,0,0,1,
575,Resistant,Kluyveromyces lactis,0,1,0,0,
580,Non-Resistant,Zygosaccharomyces bailii,0,0,0,1,
609,Non-Resistant,Saccharomyces cerevisiae,0,0,1,0,
752,Resistant,Kluyveromyces lactis,0,1,0,0,
776,Non-Resistant,Kluyveromyces lactis,0,0,0,1,
807,Non-Resistant,Saccharomyces cerevisiae,0,0,1,0,
929,Non-Resistant,Kluyveromyces lactis,0,0,0,1,
935,Non-Resistant,Saccharomyces cerevisiae,0,0,1,0,
1315,Non-Resistant,Saccharomyces cerevisiae,0,0,1,0,
1368,Resistant,Kluyveromyces lactis,0,1,0,0,
1400,Resistant,Zygosaccharomyces bailii,0,1,0,0,
1427,Resistant,Zygosaccharomyces bailii,0,1,0,0,
1474,Non-Resistant,Naumovozyma dairenensis,0,0,0,1,
1477,Non-Resistant,Naumovozyma dairenensis,0,0,0,1,
1496,Resistant,Zygosaccharomyces bisporus,0,1,0,0,
1497,Non-Resistant,Zygosaccharomyces bisporus,0,0,0,1,
1498,Non-Resistant,Zygosaccharomyces bisporus,0,0,0,1,
1515,Non-Resistant,Zygosaccharomyces bisporus,0,0,0,1,
1520,Non-Resistant,Zygosaccharomyces bailii,0,0,0,1,
1521,Non-Resistant,Zygosaccharomyces bailii,0,0,0,1,
1548,Non-Resistant,Kluyveromyces lactis,0,0,0,1,
1553,Resistant,Zygosaccharomyces bailii,0,1,0,0,
1554,Non-Resistant,Zygosaccharomyces bailii,0,0,0,1,
1555,Non-Resistant,Zygosaccharomyces bisporus,0,0,0,1,
1556,Resistant,Zygosaccharomyces bailii,0,1,0,0,
1557,Non-Resistant,Zygosaccharomyces bailii,0,0,0,1,
1558,Non-Resistant,Zygosaccharomyces bailii,0,0,0,1,
1572,Non-Resistant,Zygosaccharomyces bailii,0,0,0,1,
1573,Resistant,Zygosaccharomyces bailii,0,1,0,0,
1591,Non-Resistant,Zygosaccharomyces bailii,0,0,0,1,
1592,Non-Resistant,Zygosaccharomyces bailii,0,0,0,1,
1656,Non-Resistant,Naumovozyma dairenensis,0,0,0,1,
1673,Non-Resistant,Saccharomyces cerevisiae,0,0,1,0,
1766,Non-Resistant,Zygosaccharomyces bailii,0,0,0,1,
2258,Non-Resistant,Kluyveromyces lactis,0,0,0,1,
2307,Non-Resistant,Kazachstania martiniae,0,0,0,1,
2693,Resistant,Kazachstania servazzii,0,1,0,0,
2742,Non-Resistant,Kluyveromyces lactis,0,0,0,1,
2775,Resistant,Kazachstania servazzii,0,1,0,0,
2790,Non-Resistant,Zygosaccharomyces bailii,0,0,0,1,
2797,Resistant,Kluyveromyces lactis,0,1,0,0,
2897,Non-Resistant,Zygosaccharomyces kombuchaensis,0,0,0,1,
2898,Non-Resistant,Naumovozyma castellii,0,0,0,1,
2927,Non-Resistant,Zygosaccharomyces bailii,0,0,0,1,
2931,Non-Resistant,Zygosaccharomyces bailii,0,0,0,1,
2932,Non-Resistant,Zygosaccharomyces bailii,0,0,0,1,
2933,Non-Resistant,Zygosaccharomyces bailii,0,0,0,1,
2934,Resistant,Zygosaccharomyces bailii,0,1,0,0,
2935,Non-Resistant,Zygosaccharomyces bisporus,0,0,0,1,
2956,Non-Resistant,Kluyveromyces lactis,0,0,0,1,
2980,Non-Resistant,Kluyveromyces lactis var. lactis,0,0,0,1,
2981,Non-Resistant,Kluyveromyces lactis var. drosophilarum,0,0,0,1,
2995,Non-Resistant,Zygosaccharomyces bailii,0,0,0,1,
3000,Non-Resistant,Zygosaccharomyces kombuchaensis,0,0,0,1,
3001,Non-Resistant,Zygosaccharomyces,0,0,0,1,
3034,Non-Resistant,Saccharomyces cerevisiae,0,0,1,0,
3041,Non-Resistant,Kluyveromyces lactis,0,0,0,1,
3053,Non-Resistant,Kazachstania servazzii,0,0,0,1,
3090,Non-Resistant,Zygosaccharomyces bailii,0,0,0,1,
3091,Non-Resistant,Zygosaccharomyces bailii,0,0,0,1,
3092,Resistant,Zygosaccharomyces bailii,0,1,0,0,
3134,Resistant,Zygosaccharomyces bisporus,0,1,0,0,
3146,Non-Resistant,Zygosaccharomyces bailii,0,0,0,1,
3298,Non-Resistant,Zygosaccharomyces bisporus,0,0,0,1,
3302,Non-Resistant,Zygosaccharomyces bailii,0,0,0,1,
3307,Resistant,Zygosaccharomyces bailii,0,1,0,0,
3354,Resistant,Kazachstania,0,1,0,0,
3358,Non-Resistant,Saccharomyces cerevisiae,0,0,1,0,
3378,Resistant,Zygosaccharomyces bailii,0,1,0,0,
3379,Non-Resistant,Zygosaccharomyces bailii,0,0,0,1,
3407,Resistant,Zygosaccharomyces bailii,0,1,0,0,
3410,Non-Resistant,Zygosaccharomyces bailii,0,0,0,1,
3414,Resistant,Zygosaccharomyces bailii,0,1,0,0,
3557,Resistant,Saccharomyces cerevisiae,1,0,0,0,
3562,Resistant,Saccharomyces cerevisiae,1,0,0,0,
3716,Non-Resistant,Kazachstania servazzii,0,0,0,1,
3724,Non-Resistant,Zygosaccharomyces bailii,0,0,0,1,
3776,Non-Resistant,Naumovozyma castellii,0,0,0,1,
3961,Non-Resistant,Kazachstania servazzii,0,0,0,1,
3963,Non-Resistant,Kazachstania servazzii,0,0,0,1,
3964,Non-Resistant,Kazachstania servazzii,0,0,0,1,
3966,Non-Resistant,Kazachstania servazzii,0,0,0,1,
3968,Non-Resistant,Kazachstania servazzii,0,0,0,1,
4020,Resistant,Torulaspora delbrueckii,0,1,0,0,
1369,Non-Resistant,Candida catenulata,0,0,0,1,
3324,Resistant,Saccharomyces cerevisiae,1,0,0,0,
597,Non-Resistant,Candida,0,0,0,1,
3025,Non-Resistant,Saccharomyces cerevisiae,0,0,1,0,
3026,Non-Resistant,Saccharomyces cerevisiae,0,0,1,0,
3027,Non-Resistant,Saccharomyces cerevisiae,0,0,1,0,
3048,Non-Resistant,Saccharomyces cerevisiae,0,0,1,0,
3051,Resistant,Saccharomyces cerevisiae,1,0,0,0,
2748,Non-Resistant,Trichosporon inkin,0,0,0,1,
3052,Resistant,Saccharomyces cerevisiae,1,0,0,0,
601,Non-Resistant,Candida parapsilosis,0,0,0,1,
1393,Resistant,Candida tropicalis,0,1,0,0,
1466,Non-Resistant,Candida albicans,0,0,0,1,
3028,Non-Resistant,Saccharomyces cerevisiae,0,0,1,0,
2776,Resistant,Saccharomyces cerevisiae,1,0,0,0,
1467,Non-Resistant,Candida albicans,0,0,0,1,
1468,Non-Resistant,Candida albicans,0,0,0,1,
1469,Non-Resistant,Candida albicans,0,0,0,1,
1470,Non-Resistant,Candida albicans,0,0,0,1,
1471,Non-Resistant,Candida albicans,0,0,0,1,
1472,Resistant,Candida albicans,0,1,0,0,
610,Resistant,Candida albicans,0,1,0,0,
611,Resistant,Debaryomyces hansenii,0,1,0,0,
3029,Non-Resistant,Saccharomyces cerevisiae,0,0,1,0,
3030,Non-Resistant,Saccharomyces cerevisiae,0,0,1,0,
3122,Resistant,Saccharomyces cerevisiae,1,0,0,0,
3123,Non-Resistant,Saccharomyces cerevisiae,0,0,1,0,
3325,Non-Resistant,Saccharomyces cerevisiae,0,0,1,0,
3326,Non-Resistant,Saccharomyces cerevisiae,0,0,1,0,
2777,Non-Resistant,Saccharomyces cerevisiae,0,0,1,0,
1473,Non-Resistant,Candida albicans,0,0,0,1,
3331,Non-Resistant,Saccharomyces cerevisiae,0,0,1,0,
2778,Resistant,Saccharomyces cerevisiae,1,0,0,0,
3031,Non-Resistant,Saccharomyces cerevisiae,0,0,1,0,
3332,Non-Resistant,Saccharomyces cerevisiae,0,0,1,0,
3333,Resistant,Saccharomyces cerevisiae,1,0,0,0,
2582,Non-Resistant,Candida albicans,0,0,0,1,
2779,Non-Resistant,Saccharomyces cerevisiae,0,0,1,0,
3076,Non-Resistant,Saccharomyces cerevisiae,0,0,1,0,
3334,Resistant,Saccharomyces cerevisiae,1,0,0,0,
3338,Non-Resistant,Saccharomyces cerevisiae,0,0,1,0,
3077,Non-Resistant,Saccharomyces cerevisiae,0,0,1,0,
3078,Non-Resistant,Saccharomyces cerevisiae,0,0,1,0,
444,Non-Resistant,Trichosporon cutaneum var. cutaneum,0,0,0,1,
3032,Non-Resistant,Saccharomyces cerevisiae,0,0,1,0,
576,Non-Resistant,Debaryomyces hansenii,0,0,0,1,
476,Non-Resistant,Cryptococcus curvatus,0,0,0,1,
3339,Resistant,Saccharomyces cerevisiae,1,0,0,0,
854,Non-Resistant,Candida albicans,0,0,0,1,
407,Resistant,Candida etchellsii,0,1,0,0,
925,Non-Resistant,Yarrowia lipolytica,0,0,0,1,
3115,Resistant,Candida albicans,0,1,0,0,
3121,Non-Resistant,Saccharomyces cerevisiae,0,0,1,0,
3124,Non-Resistant,Saccharomyces cerevisiae,0,0,1,0,
3080,Non-Resistant,Saccharomyces cerevisiae,0,0,1,0,
3114,Non-Resistant,Saccharomyces cerevisiae,0,0,1,0,
2780,Non-Resistant,Saccharomyces cerevisiae,0,0,1,0,
2786,Non-Resistant,Candida aaseri,0,0,0,1,
2798,Resistant,Saccharomyces cerevisiae,1,0,0,0,
2833,Non-Resistant,Pichia norvegensis,0,0,0,1,
234,Non-Resistant,Saccharomyces cerevisiae,0,0,1,0,
2515,Non-Resistant,Trichosporon inkin,0,0,0,1,
3033,Non-Resistant,Saccharomyces cerevisiae,0,0,1,0,
3035,Non-Resistant,Saccharomyces cerevisiae,0,0,1,0,
3125,Non-Resistant,Saccharomyces cerevisiae,0,0,1,0,
3126,Non-Resistant,Saccharomyces cerevisiae,0,0,1,0,
3127,Non-Resistant,Saccharomyces cerevisiae,0,0,1,0,
2423,Non-Resistant,Candida tropicalis,0,0,0,1,
2516,Non-Resistant,Trichosporon cutaneum,0,0,0,1,
2432,Non-Resistant,Candida etchellsii,0,0,0,1,
2435,Non-Resistant,Candida etchellsii,0,0,0,1,
2866,Resistant,Sporopachydermia lactativora,0,1,0,0,
2457,Resistant,Candida tropicalis,0,1,0,0,
2458,Non-Resistant,Candida tropicalis,0,0,0,1,
2474,Non-Resistant,Trichosporon mucoides,0,0,0,1,
2479,Non-Resistant,Trichosporon jirovecii,0,0,0,1,
2579,Resistant,Clavispora lusitaniae,0,1,0,0,
2628,Resistant,Guehomyces pullulans,0,1,0,0,
951,Non-Resistant,Wickerhamomycesonychis,0,0,0,1,
1363,Resistant,Candida albicans,0,1,0,0,
2745,Non-Resistant,Candida pararugosa,0,0,0,1,
3133,Resistant,Candida bracarensis,0,1,0,0,
2670,Non-Resistant,Candida dublinensis,0,0,0,1,
2746,Resistant,Candida zeylanoides,0,1,0,0,
2913,Resistant,Saccharomyces cerevisiae,1,0,0,0,
2677,Resistant,Trichosporon asahii,0,1,0,0,
2726,Non-Resistant,Candida rugosa,0,0,0,1,
2965,Non-Resistant,Saccharomyces cerevisiae,0,0,1,0,
3036,Non-Resistant,Saccharomyces cerevisiae,0,0,1,0,
3037,Non-Resistant,Saccharomyces cerevisiae,0,0,1,0,
3038,Non-Resistant,Saccharomyces cerevisiae,0,0,1,0,
3039,Non-Resistant,Saccharomyces cerevisiae,0,0,1,0,
2966,Non-Resistant,Saccharomyces cerevisiae,0,0,1,0,
2967,Non-Resistant,Saccharomyces cerevisiae,0,0,1,0,
2974,Resistant,Saccharomyces cerevisiae,1,0,0,0,
2979,Non-Resistant,Cryptococcus gastricus,0,0,0,1,
3340,Resistant,Saccharomyces cerevisiae,1,0,0,0,
3341,Non-Resistant,Saccharomyces cerevisiae,0,0,1,0,
3342,Non-Resistant,Saccharomyces cerevisiae,0,0,1,0,
3343,Non-Resistant,Saccharomyces cerevisiae,0,0,1,0,
3373,Non-Resistant,Candida palmioleophila,0,0,0,1,
3392,Non-Resistant,Candida cf. glabrata,0,0,0,1,
3397,Resistant,Candida bracarensis,0,1,0,0,
3402,Non-Resistant,Debaryomyces hansenii,0,0,0,1,
3403,Resistant,Saccharomyces cerevisiae,1,0,0,0,
3464,Non-Resistant,Saccharomyces cerevisiae,0,0,1,0,
3465,Resistant,Saccharomyces cerevisiae,1,0,0,0,
3491,Non-Resistant,Saccharomyces cerevisiae,0,0,1,0,
3492,Non-Resistant,Saccharomyces cerevisiae,0,0,1,0,
3493,Resistant,Saccharomyces cerevisiae,1,0,0,0,
3497,Non-Resistant,Saccharomyces cerevisiae,0,0,1,0,
3498,Non-Resistant,Saccharomyces cerevisiae,0,0,1,0,
3499,Non-Resistant,Saccharomyces cerevisiae,0,0,1,0,
3500,Non-Resistant,Saccharomyces cerevisiae,0,0,1,0,
3501,Non-Resistant,Candida parapsilosis,0,0,0,1,
3510,Resistant,Saccharomyces cerevisiae,1,0,0,0,
3511,Resistant,Saccharomyces cerevisiae,1,0,0,0,
3512,Resistant,Saccharomyces cerevisiae,1,0,0,0,
3513,Non-Resistant,Saccharomyces cerevisiae,0,0,1,0,
3514,Non-Resistant,Saccharomyces cerevisiae,0,0,1,0,
3515,Resistant,Saccharomyces cerevisiae,1,0,0,0,
3516,Non-Resistant,Saccharomyces cerevisiae,0,0,1,0,
3520,Non-Resistant,Candida albicans,0,0,0,1,
3521,Non-Resistant,Saccharomyces cerevisiae,0,0,1,0,
3522,Non-Resistant,Saccharomyces cerevisiae,0,0,1,0,
3523,Non-Resistant,Saccharomyces cerevisiae,0,0,1,0,
3527,Non-Resistant,Candida albicans,0,0,0,1,
3528,Resistant,Saccharomyces cerevisiae,1,0,0,0,
3529,Non-Resistant,Saccharomyces cerevisiae,0,0,1,0,
3778,Non-Resistant,Candida albicans,0,0,0,1,
3779,Resistant,Candida albicans,0,1,0,0,
120,Non-Resistant,Pichia kudriavzevii,0,0,0,1,
329,Non-Resistant,Pichia kudriavzevii,0,0,0,1,
332,Non-Resistant,Pichia kudriavzevii,0,0,0,1,
336,Resistant,Pichia kudriavzevii,0,1,0,0,
337,Non-Resistant,Pichia kudriavzevii,0,0,0,1,
338,Non-Resistant,Pichia kudriavzevii,0,0,0,1,
347,Non-Resistant,Pichia kudriavzevii,0,0,0,1,
872,Non-Resistant,Pichia kudriavzevii,0,0,0,1,
993,Non-Resistant,Pichia kudriavzevii,0,0,0,1,
1398,Non-Resistant,Pichia kudriavzevii,0,0,0,1,
2658,Non-Resistant,Pichia kudriavzevii,0,0,0,1,
2698,Resistant,Pichia kudriavzevii,0,1,0,0,
2853,Non-Resistant,Pichia kudriavzevii,0,0,0,1,
3242,Resistant,Pichia kudriavzevii,0,1,0,0,
3256,Non-Resistant,Pichia kudriavzevii,0,0,0,1,
3309,Resistant,Pichia kudriavzevii,0,1,0,0,
3393,Non-Resistant,Pichia kudriavzevii,0,0,0,1,
3740,Non-Resistant,Pichia kudriavzevii,0,0,0,1,
3745,Non-Resistant,Pichia kudriavzevii,0,0,0,1,
3751,Non-Resistant,Pichia kudriavzevii,0,0,0,1,
3752,Non-Resistant,Pichia kudriavzevii,0,0,0,1,
4001,Non-Resistant,Issatchenkia orientalis,0,0,0,1,
4002,Resistant,Issatchenkia orientalis,0,1,0,0,
4015,Non-Resistant,Pichia kudriavzevii,0,0,0,1,
4017,Non-Resistant,Pichia kudriavzevii,0,0,0,1,
4034,Non-Resistant,Issatchenkia orientalis,0,0,0,1,
47,Non-Resistant,Galactomyces candidus like sp.,0,0,0,1,
50,Non-Resistant,Galactomyces candidus,0,0,0,1,
2471,Non-Resistant,Galactomyces geotrichum,0,0,0,1,
2499,Non-Resistant,Galactomyces geotrichum,0,0,0,1,
2602,Non-Resistant,Galactomyces geotrichum,0,0,0,1,
3138,Non-Resistant,Geotrichum vulgare,0,0,0,1,
3272,Non-Resistant,Geotrichum vulgare,0,0,0,1,
3759,Non-Resistant,Geotrichum fermentans,0,0,0,1,
3777,Non-Resistant,Geotrichum/Galactomyces sp. nov.,0,0,0,1,
3879,Resistant,Geotrichum candidum,0,1,0,0,
119,Resistant,Wickerhamomyces subpelliculosus,0,1,0,0,
191,Non-Resistant,Wickerhamomyces subpelliculosus,0,0,0,1,
436,Non-Resistant,Wickerhamomyces subpelliculosus,0,0,0,1,
437,Non-Resistant,ickerhamomyces subpelliculosus,0,0,0,1,
438,Resistant,ickerhamomyces subpelliculosus,0,1,0,0,
442,Resistant,ickerhamomyces subpelliculosus,0,1,0,0,
558,Non-Resistant,ickerhamomyces subpelliculosus,0,0,0,1,
1653,Resistant,ickerhamomyces subpelliculosus,0,1,0,0,
233,Non-Resistant,Saccharomyces cerevisiae,0,0,1,0,
236,Resistant,Saccharomyces cerevisiae,1,0,0,0,
239,Non-Resistant,Saccharomyces cerevisiae,0,0,1,0,
324,Resistant,Saccharomyces pastorianus,0,1,0,0,
343,Resistant,Saccharomyces cerevisiae,1,0,0,0,
353,Resistant,Saccharomyces cerevisiae,1,0,0,0,
363,Non-Resistant,Saccharomyces cerevisiae,0,0,1,0,
367,Non-Resistant,Saccharomyces cerevisiae,0,0,1,0,
368,Non-Resistant,Saccharomyces cerevisiae,0,0,1,0,
400,Non-Resistant,Saccharomyces cerevisiae,0,0,1,0,
401,Non-Resistant,Saccharomyces cerevisiae,0,0,1,0,
622,Non-Resistant,Saccharomyces cerevisiae,0,0,1,0,
963,Non-Resistant,Saccharomyces cerevisiae,0,0,1,0,
1001,Non-Resistant,Saccharomyces cerevisiae,0,0,1,0,
1004,Resistant,Saccharomyces cerevisiae,1,0,0,0,
1007,Non-Resistant,Saccharomyces cerevisiae,0,0,1,0,
1010,Non-Resistant,Saccharomyces cerevisiae,0,0,1,0,
1013,Non-Resistant,Saccharomyces cerevisiae,0,0,1,0,
1017,Non-Resistant,Saccharomyces cerevisiae,0,0,1,0,
1020,Non-Resistant,Saccharomyces cerevisiae,0,0,1,0,
1023,Non-Resistant,Saccharomyces cerevisiae,0,0,1,0,
1030,Non-Resistant,Saccharomyces cerevisiae,0,0,1,0,
1033,Resistant,Saccharomyces cerevisiae,1,0,0,0,
1037,Non-Resistant,Saccharomyces cerevisiae,0,0,1,0,
1040,Resistant,Saccharomyces cerevisiae,1,0,0,0,
1044,Non-Resistant,Saccharomyces cerevisiae,0,0,1,0,
1049,Resistant,Saccharomyces cerevisiae,1,0,0,0,
1052,Non-Resistant,Saccharomyces cerevisiae,0,0,1,0,
1055,Non-Resistant,Saccharomyces cerevisiae,0,0,1,0,
1060,Resistant,Saccharomyces cerevisiae,1,0,0,0,
1066,Non-Resistant,Saccharomyces cerevisiae,0,0,1,0,
1069,Non-Resistant,Saccharomyces cerevisiae,0,0,1,0,
1072,Non-Resistant,Saccharomyces cerevisiae,0,0,1,0,
1076,Non-Resistant,Saccharomyces cerevisiae,0,0,1,0,
1079,Non-Resistant,Saccharomyces cerevisiae,0,0,1,0,
1082,Resistant,Saccharomyces cerevisiae,1,0,0,0,
1085,Resistant,Saccharomyces cerevisiae,1,0,0,0,
1089,Resistant,Saccharomyces cerevisiae,1,0,0,0,
1093,Non-Resistant,Saccharomyces cerevisiae,0,0,1,0,
1097,Non-Resistant,Saccharomyces cerevisiae,0,0,1,0,
1102,Resistant,Saccharomyces cerevisiae,1,0,0,0,
1106,Non-Resistant,Saccharomyces cerevisiae,0,0,1,0,
1111,Non-Resistant,Saccharomyces cerevisiae,0,0,1,0,
1114,Non-Resistant,Saccharomyces cerevisiae,0,0,1,0,
1118,Non-Resistant,Saccharomyces cerevisiae,0,0,1,0,
1122,Non-Resistant,Saccharomyces cerevisiae,0,0,1,0,
1126,Non-Resistant,Saccharomyces cerevisiae,0,0,1,0,
1129,Resistant,Saccharomyces cerevisiae,1,0,0,0,
1132,Non-Resistant,Saccharomyces cerevisiae,0,0,1,0,
1138,Non-Resistant,Saccharomyces cerevisiae,0,0,1,0,
1141,Resistant,Saccharomyces cerevisiae,1,0,0,0,
1147,Non-Resistant,Saccharomyces cerevisiae,0,0,1,0,
1156,Non-Resistant,Saccharomyces cerevisiae,0,0,1,0,
1159,Non-Resistant,Saccharomyces cerevisiae,0,0,1,0,
1163,Resistant,Saccharomyces cerevisiae,1,0,0,0,
1167,Non-Resistant,Saccharomyces cerevisiae,0,0,1,0,
1171,Non-Resistant,Saccharomyces cerevisiae,0,0,1,0,
1175,Non-Resistant,Saccharomyces cerevisiae,0,0,1,0,
1179,Non-Resistant,Saccharomyces cerevisiae,0,0,1,0,
1183,Non-Resistant,Saccharomyces cerevisiae,0,0,1,0,
1186,Non-Resistant,Saccharomyces cerevisiae,0,0,1,0,
1190,Non-Resistant,Saccharomyces cerevisiae,0,0,1,0,
1193,Resistant,Saccharomyces cerevisiae,1,0,0,0,
1196,Non-Resistant,Saccharomyces cerevisiae,0,0,1,0,
1199,Resistant,Saccharomyces cerevisiae,1,0,0,0,
1202,Non-Resistant,Saccharomyces cerevisiae,0,0,1,0,
1205,Resistant,Saccharomyces cerevisiae,1,0,0,0,
1208,Non-Resistant,Saccharomyces cerevisiae,0,0,1,0,
1211,Non-Resistant,Saccharomyces cerevisiae,0,0,1,0,
1215,Non-Resistant,Saccharomyces cerevisiae,0,0,1,0,
1218,Non-Resistant,Saccharomyces cerevisiae,0,0,1,0,
1221,Non-Resistant,Saccharomyces cerevisiae,0,0,1,0,
1225,Non-Resistant,Saccharomyces cerevisiae,0,0,1,0,
1231,Resistant,Saccharomyces cerevisiae,1,0,0,0,
1235,Non-Resistant,Saccharomyces cerevisiae,0,0,1,0,
1240,Non-Resistant,Saccharomyces cerevisiae,0,0,1,0,
1243,Non-Resistant,Saccharomyces cerevisiae,0,0,1,0,
1246,Non-Resistant,Saccharomyces cerevisiae,0,0,1,0,
1249,Non-Resistant,Saccharomyces cerevisiae,0,0,1,0,
1254,Non-Resistant,Saccharomyces cerevisiae,0,0,1,0,
1257,Non-Resistant,Saccharomyces cerevisiae,0,0,1,0,
1260,Non-Resistant,Saccharomyces cerevisiae,0,0,1,0,
1264,Non-Resistant,Saccharomyces cerevisiae,0,0,1,0,
1270,Non-Resistant,Saccharomyces cerevisiae,0,0,1,0,
1274,Non-Resistant,Saccharomyces cerevisiae,0,0,1,0,
1277,Non-Resistant,Saccharomyces cerevisiae,0,0,1,0,
1280,Resistant,Saccharomyces cerevisiae,1,0,0,0,
1283,Resistant,Saccharomyces cerevisiae,1,0,0,0,
1286,Non-Resistant,Saccharomyces cerevisiae,0,0,1,0,
1289,Non-Resistant,Saccharomyces cerevisiae,0,0,1,0,
1292,Non-Resistant,Saccharomyces cerevisiae,0,0,1,0,
1298,Resistant,Saccharomyces cerevisiae,1,0,0,0,
1304,Resistant,Saccharomyces cerevisiae,1,0,0,0,
1308,Non-Resistant,Saccharomyces cerevisiae,0,0,1,0,
1311,Resistant,Saccharomyces cerevisiae,1,0,0,0,
1314,Non-Resistant,Saccharomyces cerevisiae,0,0,1,0,
1318,Resistant,Saccharomyces cerevisiae,1,0,0,0,
1321,Non-Resistant,Saccharomyces cerevisiae,0,0,1,0,
1333,Resistant,Saccharomyces cerevisiae,1,0,0,0,
1336,Resistant,Saccharomyces cerevisiae,1,0,0,0,
1339,Resistant,Saccharomyces cerevisiae,1,0,0,0,
2732,Non-Resistant,Saccharomyces cerevisiae,0,0,1,0,
2736,Non-Resistant,Saccharomyces cerevisiae,0,0,1,0,
3306,Non-Resistant,Saccharomyces cerevisiae,0,0,1,0,
3546,Non-Resistant,Saccharomyces cerevisiae,0,0,1,0,
3549,Non-Resistant,Saccharomyces cerevisiae,0,0,1,0,
3552,Non-Resistant,Saccharomyces cerevisiae,0,0,1,0,
3997,Non-Resistant,Saccharomyces cerevisiae,0,0,1,0,
4045,Non-Resistant,Saccharomyces cerevisiae,0,0,1,0,
4051,Resistant,Saccharomyces cerevisiae,1,0,0,0,
4063,Non-Resistant,Saccharomyces cerevisiae,0,0,1,0,
4068,Non-Resistant,Saccharomyces cerevisiae,0,0,1,0,
4081,Non-Resistant,Saccharomyces cerevisiae,0,0,1,0,
,,,SACCH &RES,NON-SACCH RES,NON-RES SACCH,NON-RES & NON-SACCH,
,,,102,130,297,335,864
,,,,,,,
,,,%res sacch:,25.56390977,,,
,,,%res non-sacch:,27.95698925,,,
