Strain,4.Aminobutyrate,Acetate,Acetoin,Acetone,Alanine,Butyrate,Citrate,Ethanol,Formate,Fumarate,Glucose,Glycerol,Lactate,Malate,Maltose,Methanol,Pyruvate,Succinate,Valine,Acetaldehyde.Hydrate.IFR,Acetaldehyde.IFR,Ethyl Acetate
1,0.057333333,0.2629,0.004366667,0.1268,0.093866667,0.0156,0.014466667,26.9224,0.0028,0.001366667,0.022733333,0.290266667,0.107333333,0.035966667,0.011,0.2423,0.004966667,0.071,0.001833333,0.046033333,0.016933333,0.050733333
2,0.0271,1.8242,0.0064,0.1431,0.05275,0.0111,0.01115,32.37525,0.00485,0.0049,0.02365,2.92665,0,0.1089,0.011,0.2626,0.00805,0.00525,0.00165,0.09225,0.05355,0.0278
4,0.029366667,0.987766667,0.004333333,0.089366667,0.0568,0.010833333,0.007566667,32.64093333,0.005466667,0.001733333,0.0477,4.835833333,0,0.0363,0.0069,0.2445,0.0048,0.055466667,0.004666667,0.023833333,0.031666667,0.024833333
6,0.024366667,0.903966667,0.004266667,0.07,0.061466667,0.011066667,0.006866667,33.9478,0.007066667,0.001,0.054166667,4.683633333,0.166866667,0.038366667,0.007333333,0.245133333,0.0195,0.050433333,0.005233333,0.0443,0.0196,0.019466667
8,0.033266667,0.801733333,0.004533333,0.1024,0.0251,0.010866667,0.008866667,33.6759,0.0032,0.0011,0.026833333,4.006733333,0,0.051533333,0,0.245733333,0.0047,0.027866667,0.0008,0.0798,0.0254,0.017633333
9,0.060766667,0.593133333,0.007466667,0.1268,0.071166667,0.012766667,0.010866667,32.7582,0.003066667,0.000533333,0.060933333,4.624933333,0.081466667,0.031766667,0.0011,0.2424,0.003866667,0.0558,0.009266667,0.127066667,0.069533333,0.017233333
10,0.057533333,0.478866667,0.007766667,0.103366667,0.046633333,0.012133333,0.011133333,31.02143333,0.003866667,0.0006,0.029233333,4.036333333,0,0.031733333,0.0011,0.243766667,0.004366667,0.030733333,0.006766667,0.130333333,0.080033333,0.014966667
16,0.04,0.819433333,0.004166667,0.090566667,0.0395,0.009433333,0.010633333,31.88756667,0.0039,0.0013,0.0222,4.231333333,0.0934,0.043666667,0.0019,0.246633333,0.0049,0.0236,0.001,0.122233333,0.081733333,0.0173
17,0.030925,1.6852625,0.00955,0.0470875,0.035725,0.0204875,0.015675,32.4533125,0.00345,0.003725,0.0233125,2.4733625,0.0059,0.1814875,0.00205,0.2142875,0.05295,0.026625,0.0029875,0.1300375,0.0636625,0.0578375
18,0.0461,2.2523,0.0183,0.102233333,0.035566667,0.0174,0.0225,24.101,0.002633333,0.005233333,0.0221,1.913966667,0,0.230466667,0,0.1588,0.0147,0.0106,0.008266667,0.118,0.0521,0.0171
20,0.0414,2.7938,0.0133,0.118566667,0.0253,0.0121,0.0178,27.52736667,0.004,0.005433333,0.024766667,2.460833333,0,0.1515,0,0.1556,0.010833333,0.0076,0.002033333,0.150033333,0.078566667,0.0205
21,0.033933333,1.935533333,0.0089,0.0854,0.0269,0.013266667,0.014266667,29.36626667,0.0046,0.002866667,0.020033333,2.993866667,0,0.097766667,0,0.244033333,0.006333333,0.051833333,0.001233333,0.120166667,0.048166667,0.018866667
22,0.0447,0.165533333,0.007233333,0.1791,0.037033333,0.017666667,0.017333333,27.48836667,0.0028,0.0007,0.016266667,0.0393,0.063766667,0.0476,0,0.2437,0.0107,0.038033333,0.0009,0.0517,0.0236,0.0704
23,0.0301,0.119133333,0.004366667,0.135866667,0.0409,0.016866667,0.012866667,25.7393,0.0379,0.0008,0.028066667,2.599633333,0.105133333,0.0324,0,0.250033333,0.0059,0.0161,0.003466667,0.048,0.019033333,0.0269
26,0.0148,0.9139,0.0032,0.128333333,0.0398,0.020733333,0.006966667,30.4719,0.004333333,0.0012,0.040733333,4.6925,0.113133333,0.042433333,0.000333333,0.240133333,0.0129,0.049766667,0.001533333,0.0681,0.0144,0.0171
31,0.043966667,1.651666667,0.0056,0.1351,0.038,0.009433333,0.013466667,30.72176667,0.004433333,0.002533333,0.014733333,3.369933333,0,0.104366667,0.003666667,0.2548,0.0077,0.0527,0.002966667,0.1131,0.059033333,0.0173
36,0.053133333,0.662766667,0.0045,0.131066667,0.0207,0.010366667,0.015433333,29.07313333,0.003966667,0.001133333,0.019566667,3.809933333,0,0.035766667,0.003666667,0.241066667,0.0036,0.047133333,0.002433333,0.125633333,0.055866667,0.0126
39,0.049,1.95385,0.00695,0.23715,0.04435,0.0123,0.0142,34.9958,0.00335,0.0027,0.02605,3.68545,0,0.12755,0,0.25675,0.00875,0.0065,0.00215,0.15225,0.0759,0.0162
40,0.0455,0.415,0.0074,0.114833333,0.0175,0.012866667,0.0135,27.7738,0.003366667,0.0013,0.052166667,2.9866,0,0.055633333,0,0.233266667,0.0038,0.0021,0.002633333,0.1042,0.0345,0.010733333
43,0.033466667,0.9121,0.004633333,0.157633333,0.0374,0.010433333,0.010266667,26.90536667,0.0032,0.001433333,0.0212,3.180833333,0,0.075766667,0,0.2295,0.005533333,0.054,0.001533333,0.109933333,0.0431,0.0118
44,0.0384,1.3631,0.0061,0.232466667,0.040366667,0.010666667,0.012233333,29.73606667,0.003566667,0.001866667,0.017333333,3.7438,0,0.078766667,0,0.2362,0.006333333,0.0042,0.002633333,0.120933333,0.053566667,0.0154
45,0.020733333,0.7939,0.0047,0.1082,0.0224,0.009966667,0.0098,31.91783333,0.001466667,0.001033333,0.0191,3.8532,0.083266667,0.054433333,0,0.169666667,0.004566667,0.0025,0.000833333,0.0803,0.0327,0.0143
46,0.037266667,2.061433333,0.018066667,0.1548,0.0189,0.013233333,0.020333333,26.097,0.002366667,0.0046,0.0215,2.510966667,0,0.1018,0,0.239266667,0.006866667,0.005,0.000266667,0.129033333,0.060833333,0.0143
49,0.036,1.509966667,0.017633333,0.1664,0.035633333,0.015566667,0.022166667,26.0357,0.002333333,0.005666667,0.010333333,1.2653,0,0.1442,0.001566667,0.230733333,0.010066667,0.004933333,0.000866667,0.091333333,0.052833333,0.010866667
51,0.0313,0.7119,0.011366667,0.019833333,0.0231,0.014033333,0.021966667,18.37246667,0.0044,0.0023,0.0263,13.81746667,0,0.056466667,0,0.223266667,0.004766667,0.028133333,0.0028,0.0985,0.038933333,0.0315
52,0.0157,1.340933333,0.0107,0.020133333,0.020733333,0.0157,0.0133,23.619,0.0041,0.003133333,0.024666667,13.9855,0,0.0685,0,0.2373,0.0052,0.072833333,0.001666667,0.099133333,0.0462,0.0314
54,0.0397,0.439766667,0.0084,0.0099,0.028066667,0.0094,0.014966667,26.8895,0.003333333,0.002966667,0.037166667,14.11566667,0.016933333,0.033966667,0,0.231466667,0.0046,0.0235,0.001633333,0.113933333,0.057166667,0.014766667
55,0.018866667,0.501366667,0.006,0.020533333,0.038933333,0.009466667,0.0074,24.2134,0.002566667,0.001933333,0.039133333,9.325466667,0.110433333,0.031433333,0,0.222133333,0.019666667,0.0715,0.0009,0.0706,0.026966667,0.011366667
57,0.033433333,0.345066667,0.008933333,0.006,0.0345,0.014133333,0.012433333,20.09756667,0.0524,0.002366667,0.0589,14.73256667,0.074333333,0.032966667,0,0.230266667,0.004766667,0.035766667,0.0023,0.0979,0.043633333,0.004266667
58,0.025966667,0.371766667,0.0109,0.0091,0.026766667,0.011433333,0.0135,22.07886667,0.004166667,0.003933333,0.039566667,12.32856667,0.0227,0.097033333,0,0.230033333,0.008,0.003233333,0.001433333,0.155033333,0.057433333,0.009233333
59,0.0265,0.4566,0.003366667,0.005866667,0.036433333,0.007766667,0.0085,29.35836667,0.0029,0.002566667,0.0192,13.74166667,0.086666667,0.030833333,0,0.2324,0.005533333,0.0038,0.0023,0.0739,0.031933333,0.012033333
60,0.030866667,1.504133333,0.005533333,0.008766667,0.026333333,0.008666667,0.0081,27.8818,0.003766667,0.002266667,0.041833333,14.23103333,0.026166667,0.030233333,0,0.2315,0.003233333,0.002,0.002266667,0.1054,0.036333333,0.0145
61,0.039366667,2.166,0.017333333,0.015866667,0.019066667,0.0173,0.0154,30.08873333,0.0044,0.003233333,0.088466667,14.58463333,0.078566667,0.050366667,0,0.2365,0.006833333,0.034233333,0.0019,0.181233333,0.1143,0.013733333
62,0.033833333,1.632866667,0.008033333,0.009633333,0.0367,0.0132,0.010333333,34.50036667,0.003533333,0.0033,0.0559,15.71323333,0.0609,0.055333333,0,0.234633333,0.0073,0.003033333,0.001533333,0.1645,0.095433333,0.012833333
63,0.040066667,0.506833333,0.021666667,0.0143,0.0507,0.0138,0.017133333,33.19943333,0.004366667,0.002933333,0.084266667,16.14563333,0,0.042333333,0,0.2263,0.005166667,0.0019,0.0051,0.1319,0.054,0.024633333
64,0.049566667,1.0424,0.006133333,0.0077,0.0328,0.015166667,0.012866667,24.0192,0.004366667,0.004866667,0.081633333,15.04986667,0,0.053533333,0,0.231633333,0.0066,0.041366667,0.0037,0.0989,0.0563,0.015633333
65,0.051166667,2.164466667,0.011566667,0.005833333,0.0382,0.016566667,0.0189,21.98936667,0.0046,0.003666667,0.054866667,14.2416,0,0.078666667,0,0.2319,0.0061,0.033133333,0.0042,0.097566667,0.054633333,0.0136
68,0.038766667,5.5954,0.016566667,0.004833333,0.0586,0.013833333,0.023766667,18.58486667,0.004666667,0.0075,0.028933333,13.1036,0.022733333,0.229433333,0,0.240766667,0.021433333,0.034233333,0.007366667,0.079933333,0.032933333,0.015333333
71,0.030933333,0.919666667,0.0068,0.005966667,0.051533333,0.007133333,0.008333333,27.0557,0.003766667,0.0029,0.0509,16.7677,0.0427,0.026333333,0,0.229566667,0.004566667,0.065533333,0.0029,0.104433333,0.0542,0.009566667
100,0.0088,0.878066667,0.003933333,0.0027,0.003533333,0.0144,0.007466667,37.2419,0.006633333,0.0011,0.054066667,4.8477,0,0.0438,0,0.260733333,0.004666667,0.058366667,0.000333333,0.070133333,0.029133333,0.030833333
111,0.013133333,0.016133333,0.038933333,0.015233333,0.0229,0.0111,0.013166667,39.54943333,0.005566667,0.001166667,0.077766667,4.977566667,0,0.100466667,0,0.257633333,0.098533333,0.006666667,0.001133333,0.099,0.0374,0.059866667
128,0.015133333,0.129666667,0.004433333,0.004166667,0.0051,0.0064,0.010066667,35.5103,0.0062,0.002166667,0.014933333,5.618433333,0,0.0852,0,0.229,0.0646,0.0055,0.000266667,0.087333333,0.028966667,0.007366667
135,0.054233333,0.0386,0.0087,0.020466667,0.0493,0.016066667,0.0229,26.7742,0.006033333,0.0019,0.319266667,5.078466667,0.0689,0.081233333,0,0.281066667,0.008833333,0.080666667,0.0033,0.091433333,0.0425,0.052066667
138,0.0145,0.1101,0.038833333,0.01,0.008966667,0.011066667,0.0246,19.14053333,0.004533333,0.0007,0.045866667,2.622466667,0.070566667,0.023833333,0,0.182533333,0.094033333,0.011166667,0.000333333,0.048866667,0.017133333,0.0193
140,0.0697,0.142133333,0.0112,0.173,0.0486,0.013666667,0.0177,30.6121,0.0034,0.001266667,0.059033333,5.496033333,0,0.0586,0,0.283233333,0.006133333,0.051133333,0.0007,0.157833333,0.082166667,0.040433333
141,0.038233333,0.045466667,0.014033333,0.2999,0.046766667,0.016833333,0.0168,28.67386667,0.0049,0.000966667,0.012333333,4.244766667,0.1498,0.0432,0,0.2796,0.0119,0.0337,0.002133333,0.141633333,0.052833333,0.035866667
142,0.003266667,0.166866667,0.010266667,0.012,0.0023,0.005766667,0.005333333,13.8394,0.040766667,0,29.34473333,1.188933333,0,0.0084,0,0.2549,0.009933333,0.0046,0.000633333,0.036233333,0.008433333,0.008066667
143,0.008133333,0.964766667,0.004033333,0.006866667,0.010766667,0.0066,0.003366667,39.21693333,0.004733333,0.000766667,0.028533333,4.349233333,0.0425,0.024933333,0,0.251666667,0.0031,0.064533333,0.000433333,0.1027,0.009666667,0.031633333
147,0.022366667,0.030333333,0.0028,0.098766667,0.0457,0.0156,0.0142,14.40986667,0.096433333,0.0008,0.0168,3.184233333,0.0571,0.037266667,0,0.189433333,0.005333333,0.001533333,0.000133333,0.028733333,0.009766667,0.016566667
151,0.006833333,1.633533333,0.004233333,0.0059,0.014833333,0.010233333,0.0076,39.24263333,0.0062,0.001466667,0.068566667,4.4116,0,0.021666667,0,0.247666667,0.003433333,0.059733333,0.0013,0.105666667,0.034766667,0.0219
152,0.003666667,0.3001,0.0165,0.005933333,0.010333333,0.0051,0.0029,38.4708,0.020533333,0.0011,26.0916,2.088866667,0.135333333,0.010733333,0,0.162033333,0.0594,0.027,0.0005,0.177333333,0.056933333,0.133133333
154,0.006133333,0.0925,0.005133333,0.030666667,0.009933333,0.0101,0.003066667,16.15093333,0.027233333,0.0051,32.79086667,1.412933333,0,0.007666667,0,0.184833333,0.0329,0.0076,0.001466667,0.123666667,0.012833333,0.033066667
155,0.017966667,0.2836,0.020033333,0.015033333,0.034133333,0.017766667,0.0078,22.00766667,0.011633333,0.004066667,27.30453333,2.7448,0,0.0188,0.003666667,0.283333333,0.039766667,0.013933333,0.003,0.162566667,0.0134,0.055833333
158,0.0051,0.2244,0.017933333,0.0133,0.004466667,0.008366667,0.002633333,17.438,0.047366667,0.0018,16.8442,1.7943,0,0.008233333,0.011,0.1784,0.008333333,0.0101,0.000766667,0.106966667,0.0217,0.057233333
159,0.04655,0.19995,0.00655,0.0124,0.03725,0.0166,0.0236,28.27335,0.0087,0.0016,0.02085,5.21355,0.0588,0.055,0,0.2743,0.00665,0.0665,0.0011,0.1536,0.05715,0.05815
161,0.0443,0.04135,0.01415,0.20385,0.0411,0.01765,0.0152,29.1594,0.0043,0.00205,0.0318,4.58045,0.12565,0.0496,0,0.277,0.0079,0.0119,0.00045,0.1268,0.04635,0.05375
162,0.0317,0.54245,0.025,0.0068,0.0587,0.01915,0.0544,27.3419,0.00255,0.0005,0.0102,0.0249,0.09005,0.0913,0,0.2836,0.0259,0.0252,0.00045,0.08915,0.04985,0.04635
171,0.007266667,0.654166667,0.009866667,0.003066667,0.0054,0.009333333,0.009566667,36.26306667,0.004533333,0.003833333,0.047566667,5.290133333,0,0.046,0.007333333,0.238366667,0.004033333,0.083266667,0,0.156166667,0.075733333,0.008066667
179,0.016833333,0.782966667,0.0037,0.003866667,0.0318,0.023566667,0.004333333,42.35476667,0.005466667,0.0013,0.047266667,5.409633333,0.237633333,0.0163,0,0.248166667,0.009466667,0.061666667,0.002466667,0.104966667,0.022133333,0.031233333
188,0.017366667,0.7727,0.003866667,0.0037,0.022133333,0.0067,0.0039,42.9254,0.003533333,0.000533333,0.060733333,5.124333333,0.276466667,0.0313,0,0.246633333,0.018566667,0.064266667,0.0006,0.103966667,0.008466667,0.0304
195,0.0195,0.048566667,0.0028,0.0155,0.0199,0.0183,0.004066667,34.13726667,0.002666667,0.001033333,0.052833333,5.549466667,0.202866667,0.0078,0.003666667,0.278433333,0.007766667,0.017,3.33E-05,0.0124,0.0106,0.0352
232,0.030433333,0.564066667,0.004533333,0.0077,0.0364,0.012033333,0.007466667,37.8746,0.003766667,0.001733333,0.021033333,4.8057,0.129066667,0.0337,0.003666667,0.244966667,0.0053,0.0952,0.0004,0.112833333,0.043233333,0.0764
235,0.034966667,0.521566667,0.004366667,0.0201,0.046166667,0.012266667,0.007466667,38.1667,0.002933333,0.0013,0.0184,4.976766667,0.0981,0.0299,0,0.248866667,0.006166667,0.034566667,0.0013,0.1146,0.045766667,0.027533333
243,0.0136,0.136733333,0.014466667,0.003933333,0.0062,0.022433333,0.006533333,43.93693333,0.006233333,0.003566667,0.042,5.0436,0,0.0848,0.003666667,0.245533333,0.126666667,0.004766667,0.000266667,0.128133333,0.0307,0.0263
244,0.017,0.0924,0.005366667,0.009733333,0.0037,0.021033333,0.016066667,42.75516667,0.0047,0.0041,0.025166667,5.937233333,0,0.154933333,0,0.249633333,0.086166667,0.008833333,0,0.096033333,0.033766667,0.0683
350,0.0182,0.257933333,0.006266667,0.0092,0.007633333,0.017333333,0.0252,39.7426,0.004,0.0112,0.033933333,4.3827,0.0887,0.130033333,0.003666667,0.2504,0.0646,0.006966667,0,0.0811,0.018733333,0.029966667
360,0.038233333,0.835733333,0.005,0.007366667,0.0602,0.015166667,0.0127,31.90606667,0.0049,0.001066667,0.015666667,4.801533333,0.030133333,0.044566667,0,0.225133333,0.003766667,0.066933333,0.001133333,0.078,0.033233333,0.027233333
361,0.035866667,1.004266667,0.007633333,0.0058,0.031233333,0.016666667,0.012566667,31.9313,0.003433333,0.001733333,0.010566667,4.2229,0,0.058166667,0,0.236833333,0.004433333,0.002533333,0.0008,0.1083,0.0603,0.021766667
371,0.011466667,0.099066667,0.044466667,0.087833333,0.011166667,0.015366667,0.0462,34.92176667,0.0052,0.001233333,0.0303,3.645066667,0.0396,0.030233333,0,0.2832,0.097766667,0.022,0,0.1976,0.070633333,0.0577
372,0.0104,0.064966667,0.041166667,0.122866667,0.0095,0.014066667,0.0317,30.85333333,0.0059,0.001333333,0.050833333,3.252866667,0.088266667,0.035333333,0,0.276233333,0.1136,0.0081,0,0.234666667,0.085033333,0.060166667
373,0.017466667,0.145333333,0.0571,0.0516,0.024133333,0.011,0.2161,31.50713333,0.0053,0.052666667,0.0325,4.375666667,0.034766667,0.1574,0,0.284033333,0.1757,0.050033333,0.0003,0.250833333,0.062566667,0.063933333
377,0.0215,0.324466667,0.006133333,0.0109,0.0224,0.031066667,0.015133333,32.5153,0.0024,0.0038,1.068866667,1.599966667,0.128133333,0.0375,0.003666667,0.186833333,0.0206,0.0801,0.000333333,0.039733333,0.015833333,0.018433333
385,0.021133333,0.6465,0.024233333,0.009433333,0.011266667,0.024366667,0.0145,37.71376667,0.0067,0.002766667,0.021766667,4.0061,0,0.0442,0.001133333,0.16,0.005233333,0.054966667,0,0.101033333,0.012033333,0.009866667
388,0.04315,0.551975,0.00445,0.00495,0.019525,0.009,0.010075,31.885625,0.004175,0.0015,0.01155,4.20775,0.090825,0.02905,0,0.23505,0.003725,0.0436,0.001275,0.1073,0.031075,0.0147
392,0.0043,0.017966667,0.001133333,0.0188,0.003466667,0.0044,0.004666667,10.2537,0.003066667,0.0002,0.011533333,1.551666667,0.048533333,0.0103,0,0.091433333,0.003266667,0.000733333,0,0.006566667,0.0025,0.0073
408,0.032533333,3.9716,0.0133,0.022866667,0.026933333,0.015933333,0.0173,21.74723333,0.0046,0.002566667,0.040666667,3.541566667,0.0161,0.0516,0.003666667,0.151233333,0.0068,0.058133333,0.002533333,0.1078,0.078933333,0.0715
411,3.4326,16.84533333,2.537333333,11.43276667,4.980533333,2.4773,2.985,1683.683733,0.219866667,0.08,2.038233333,447.2561667,20.54876667,6.927166667,0.003666667,31.33003333,1.162233333,1.037766667,0.313466667,5.272933333,1.686266667,5.268633333
416,0.05135,0.68775,0.0045,0.0046,0.03255,0.0112,0.0114,35.94055,0.0042,0.0014,0.0185,4.5678,0.1024,0.0399,0,0.24705,0.00515,0.09325,0.00125,0.09065,0.029,0.0136
417,0.016,1.884533333,0.0081,0.003533333,0.006433333,0.012633333,0.009366667,36.02933333,0.004766667,0.0029,0.046466667,4.631866667,0,0.070833333,6.67E-05,0.2408,0.005833333,0.003866667,0,0.182366667,0.0758,0.0097
426,0.020033333,0.383433333,0.004666667,0.015233333,0.044666667,0.021,0.009633333,38.90243333,0.002733333,0.000933333,0.0443,4.8353,0.3521,0.0387,0,0.256566667,0.050266667,0.0674,0.0028,0.113033333,0.0543,0.034033333
431,0.0374,0.782866667,0.007066667,0.0051,0.0413,0.014566667,0.011066667,26.9192,0.006066667,0.001166667,0.022966667,5.193433333,0.094833333,0.053033333,0,0.2018,0.0051,0.057666667,0.001633333,0.038466667,0.024733333,0.010033333
464,0.021233333,0.406966667,0.003766667,0.002466667,0.0341,0.015333333,0.0066,38.12033333,0.005733333,0.002133333,0.022233333,5.532133333,0.059333333,0.020333333,0.003666667,0.2447,0.004066667,0.0926,0.004666667,0.139366667,0.068266667,0.008566667
469,0.018966667,2.3584,0.005366667,0.0027,0.0062,0.0179,0.012266667,34.8166,0.004766667,0.002233333,0.020266667,4.751033333,0,0.045133333,0,0.240266667,0.003533333,0.0526,0,0.196066667,0.128933333,0.010166667
492,0.0578,0.4375,0.0088,0.0983,0.04095,0.0247,0.12175,26.19785,0.0041,0.00575,0.02675,1.4461,0.072,0.2203,0,0.27585,0.08,0.01105,0,0.05505,0.01985,0.0548
502,0.02,0.090066667,0.0248,0.014433333,0.021,0.021866667,0.010733333,31.3122,0.066233333,0.003333333,0.099066667,5.237566667,0.0471,0.049033333,0,0.278833333,0.145033333,0.0194,0,0.0716,0.029033333,0.0411
505,0.01815,0.1185,0.0107,0.003,0.04215,0.01005,0.00775,38.5335,0.0052,0.00315,0.10875,21.8215,0.15045,0.03015,0.0055,0.23995,0.01025,0.0019,0.0038,0.08365,0.06225,0.0631
523,0.022633333,0.5644,0.007066667,0.0994,0.037633333,0.0114,0.014333333,29.83883333,0.004633333,0.002833333,0.0487,14.92883333,0.020733333,0.049766667,0,0.2284,0.005366667,0.0267,0.0049,0.0733,0.028133333,0.043133333
524,0.061466667,0.291366667,0.009833333,0.5391,0.082833333,0.019033333,0.039,28.19793333,0.004433333,0.001166667,0.027166667,4.288666667,0.0831,0.051033333,0.003666667,0.278433333,0.025266667,0.0377,0.0046,0.073233333,0.0397,0.084033333
538,0.016766667,0.005666667,0.006133333,0.0173,0.3552,0.016666667,0.0081,36.1316,0.004133333,0.005633333,0.050433333,5.1008,0,0.166766667,0.007333333,0.2482,0.0145,0.008333333,0,0.237866667,0.1082,0.039766667
539,0.044666667,0.382366667,0.008666667,0.0153,0.034033333,0.0247,0.026166667,24.46373333,0.010033333,0.001733333,0.100566667,5.533733333,0,0.061566667,0,0.2785,0.006233333,0.1386,0.000533333,0.122633333,0.063533333,0.039866667
541,0.005133333,0.664733333,0.0209,0.012166667,0.015366667,0.011366667,0.004433333,19.01776667,0.051566667,0.0028,16.82653333,1.387966667,0,0.012133333,0,0.256933333,0.021633333,0.023266667,0.001266667,0.060966667,0.021933333,0.0286
543,0.0429,0.460533333,0.0065,0.012966667,0.043933333,0.011033333,0.007566667,35.34163333,0.004633333,0.000933333,0.0191,5.7855,0.0876,0.0593,0,0.252433333,0.0182,0.002966667,0.002766667,0.1049,0.033033333,0.022533333
546,0.0298,0.6352,0.007866667,0.0122,0.025433333,0.012533333,0.007466667,36.9608,0.0023,0.001133333,0.018766667,5.0722,0.106266667,0.024233333,0.003666667,0.2521,0.005833333,0.069033333,0.0004,0.0773,0.025433333,0.029533333
548,0.006533333,0.3459,0.0044,0.004466667,0.010833333,0.0244,0.006,38.57403333,0.0068,0.0015,0.0317,5.3558,0.196233333,0.032266667,0,0.238666667,0.022333333,0.001933333,0,0.0968,0.044133333,0.009333333
551,0.0085,0.6354,0.005733333,0.003,0.0064,0.0252,0.0109,36.15323333,0.0053,0.002966667,0.031966667,5.41,0,0.042866667,0,0.1621,0.004033333,0.029766667,0,0.134266667,0.0537,0.0118
559,0.019633333,0.688433333,0.0081,0.356133333,0.0162,0.0174,0.0142,29.7127,0.005166667,0.001233333,0.0298,6.154,0.261433333,0.032966667,0,0.278,0.046533333,0.044333333,0,0.1102,0.062733333,0.076066667
563,0.0092,0.47825,0.00335,0.0039,0.0158,0.0189,0.007,38.4133,0.00685,0.0016,0.04605,5.37455,0.0616,0.0265,0.0055,0.23595,0.00775,0.0432,0.00155,0.11305,0.0535,0.01135
566,0.040466667,0.051566667,0.0107,0.1146,0.047166667,0.019766667,0.036566667,31.60953333,0.003566667,0.001366667,0.0258,5.106533333,0.1263,0.032266667,0,0.2871,0.035833333,0.008166667,0,0.210333333,0.085166667,0.0427
568,0.0279,0.597533333,0.008,0.003066667,0.033933333,0.010033333,0.011666667,23.61393333,0.003966667,0.002433333,0.0521,13.5283,0,0.035566667,0,0.2262,0.005433333,0.068933333,0.003366667,0.079733333,0.043366667,0.012166667
570,0.009833333,0.5602,0.0052,0.0106,0.015166667,0.021466667,0.010733333,35.43436667,0.007266667,0.003233333,0.027666667,5.5705,0.0495,0.0399,0.003666667,0.237266667,0.009066667,0.059033333,0.0016,0.112833333,0.058533333,0.009366667
571,0.01,0.5687,0.006833333,0.0023,0.008,0.028866667,0.0115,33.522,0.0087,0.0032,0.053566667,5.396666667,0.043933333,0.052633333,0,0.234566667,0.007866667,0.031566667,1.00E-04,0.124566667,0.0628,0.008266667
573,0.0161,0.5591,0.0053,0.002433333,0.0082,0.021,0.006166667,34.6323,0.0073,0.002466667,0.0319,5.5335,0.125133333,0.0407,0,0.227433333,0.0138,0.0502,0,0.075866667,0.052066667,0.006533333
575,0.016733333,0.4636,0.0045,0.0028,0.013,0.0249,0.0074,37.5807,0.0072,0.001933333,0.0359,4.509633333,0.138966667,0.039266667,0,0.1573,0.0208,0.078766667,0,0.097,0.0473,0.009333333
580,0.008366667,0.72,0.0054,0.007133333,0.022266667,0.017766667,0.0069,39.16936667,0.0062,0.001633333,0.0186,5.318566667,0.062866667,0.0319,0.003666667,0.251433333,0.005133333,0.0922,0.0004,0.126733333,0.046533333,0.0097
582,0.0382,0.0636,0.007966667,0.1455,0.014366667,0.019166667,0.015633333,26.94796667,0.0035,0.001133333,0.008666667,4.755733333,0,0.048733333,0,0.236466667,0.005266667,0.055566667,3.33E-05,0.1595,0.104433333,0.0497
585,0.033266667,0.2871,0.005266667,0.122733333,0.053466667,0.011233333,0.014133333,32.09263333,0.006,0.001433333,0.021133333,6.005833333,0.0386,0.055933333,0,0.2844,0.005933333,0.111333333,0.001166667,0.103466667,0.016533333,0.034733333
587,0.0132,0.0619,0.0135,0.004766667,0.004833333,0.020633333,0.0083,37.30126667,0.005,0.001633333,0.1372,7.446166667,0,0.1678,0,0.243766667,0.116866667,0.010366667,0,0.100233333,0.0194,0.0356
608,0.038666667,0.059933333,0.009366667,0.2744,0.035433333,0.018233333,0.0131,24.30343333,0.004666667,0.0006,0.014233333,3.0738,0.071433333,0.0334,0.003666667,0.2384,0.004666667,0.017966667,0.0013,0.104366667,0.0667,0.055
609,0.0093,0.593533333,0.004266667,0.005466667,0.027333333,0.018833333,0.005433333,38.8382,0.0063,0.002333333,0.068933333,5.2468,0.075,0.021833333,0.003666667,0.242866667,0.008933333,0.087933333,0.002666667,0.150766667,0.076533333,0.0101
667,0.018633333,0.4868,0.003933333,0.008333333,0.0391,0.013,0.0043,38.03026667,0.0037,0.000866667,0.044433333,4.7691,0.099266667,0.014033333,0,0.249666667,0.003866667,0.0853,0.002333333,0.133633333,0.0514,0.0508
677,0.058833333,0.628366667,0.007866667,0.1099,0.058433333,0.015666667,0.018533333,28.58273333,0.004433333,0.0015,0.027533333,4.272266667,0.029766667,0.037166667,0.003766667,0.2809,0.0137,0.0939,0.003233333,0.1268,0.030533333,0.048666667
695,0.031466667,2.027933333,0.009433333,0.006966667,0.0259,0.016366667,0.015966667,30.46096667,0.0029,0.0011,0.015433333,4.087766667,0,0.0462,0.003666667,0.248866667,0.004633333,0.1279,0.001533333,0.130733333,0.067066667,0.018933333
696,0.057733333,0.101933333,0.017266667,0.263033333,0.033266667,0.017333333,0.031833333,24.87016667,0.0032,0.000866667,0.016466667,5.8192,0.081933333,0.071666667,0.003666667,0.2808,0.006533333,0.105033333,0.0034,0.163633333,0.0891,0.0525
731,0.045233333,0.411366667,0.0069,0.003433333,0.0576,0.009933333,0.011466667,23.86893333,0.004966667,0.002666667,0.0379,15.09033333,0,0.0356,0,0.226466667,0.003433333,0.079033333,0.002333333,0.113066667,0.076033333,0.011366667
739,0.018166667,0.605366667,0.004266667,0.020266667,0.029333333,0.017533333,0.007666667,37.8623,0.0032,0.000866667,0.012433333,5.763433333,0.022533333,0.034833333,0.007333333,0.253566667,0.005033333,0.127833333,0,0.115666667,0.039833333,0.0268
744,0.01255,0.69415,0.0049,0.00215,0.0053,0.01545,0.0053,38.16545,0.00525,0.0017,0.0469,4.6313,0,0.03825,0.011,0.2364,0.00445,0.10175,0,0.0732,0.04315,0.0269
745,0.0149,0.5502,0.0332,0.068066667,0.033,0.015266667,0.013133333,33.5186,0.007933333,0.025633333,0.031533333,4.266966667,0.1205,0.065433333,0.007333333,0.2738,0.090466667,0.133466667,0,0.1213,0.056566667,0.071766667
747,0.015233333,0.0548,0.082033333,0.1452,0.0216,0.014533333,0.032233333,28.7845,0.005766667,0.0069,0.039633333,3.0487,0.104266667,0.069066667,0,0.282933333,0.066566667,0.063433333,0.0003,0.170533333,0.043666667,0.043833333
752,0.011566667,0.5401,0.006166667,0.002933333,0.036633333,0.0248,0.0078,38.95436667,0.005566667,0.001933333,0.0276,4.882933333,0.219433333,0.024233333,0,0.2435,0.025533333,0.088666667,0.0035,0.158933333,0.066133333,0.013333333
754,0.011533333,0.6562,0.005233333,0.0089,0.087933333,0.016866667,0.008833333,36.91123333,0.003866667,0.0012,0.0151,3.754933333,0.2958,0.033933333,0,0.2473,0.057933333,0.093233333,0.006433333,0.072233333,0.027333333,0.0432
758,0.025333333,1.992333333,0.121266667,0.011833333,0.0386,0.0343,0.0446,30.3786,0.005166667,0.011833333,2.8048,3.080033333,0.1249,0.0708,0.007333333,0.272233333,0.086466667,0.242233333,0.008033333,0.0609,0.0231,0.025966667
768,0.024866667,0.2898,0.007,0.019266667,0.030466667,0.0161,0.010133333,26.9051,0.005233333,0.0028,0.060566667,15.62636667,0.096133333,0.0354,0,0.231366667,0.005266667,0.057366667,0.0038,0.1287,0.039566667,0.008633333
776,0.0261,0.4492,0.0071,0.0028,0.03785,0.0228,0.0073,40.4613,0.0072,0.0015,0.0122,5.19595,0.077,0.0227,0.0055,0.24065,0.0081,0.08085,0.002,0.12165,0.0598,0.0097
777,0.0239,2.066766667,0.010033333,0.004633333,0.026433333,0.007166667,0.010566667,23.5446,0.003833333,0.003366667,0.0475,15.32133333,0,0.0377,0.003666667,0.2296,0.0047,0.0659,0.002466667,0.1535,0.070933333,0.008666667
783,0.040833333,0.178666667,0.0174,0.1951,0.046966667,0.0189,0.024066667,30.51396667,0,0,0.056866667,3.195366667,0.1258,0.045333333,0,0.285933333,0.005766667,0.008233333,0.001633333,0.113066667,0.054466667,0.036333333
794,0.0195,0.064333333,0.010233333,0.1493,0.044866667,0.0136,0.017433333,30.41053333,0.0033,0.0015,0.033533333,1.176233333,0.122266667,0.039933333,0.003666667,0.281666667,0.007466667,0.009466667,0.000333333,0.089366667,0.0476,0.044833333
796,0.008433333,0.6061,0.013633333,0.331433333,0.016333333,0.011266667,0.004833333,16.7359,0.010033333,0.0051,14.99523333,0.771,0,0.019233333,0.011,0.2551,0.027233333,0.0593,0.001533333,0.023366667,0.0148,0.051233333
797,0.010066667,0.386333333,0.011,0.0836,0.018533333,0.016933333,0.0066,17.0506,0.0117,0.0025,11.96843333,0.9088,0,0.019,0.025633333,0.184033333,0.0221,0.041166667,0.001233333,0.042166667,0.0102,0.047533333
807,0.007266667,0.503766667,0.005033333,0.003533333,0.009966667,0.024466667,0.007566667,39.77043333,0.0038,0.003133333,0.020633333,4.805466667,0.1009,0.0235,0,0.2405,0.007166667,0.082066667,0,0.148366667,0.053566667,0.008966667
814,0.011633333,1.8156,0.008566667,0.0265,0.0269,0.0133,0.010266667,32.62713333,0.004566667,0.000833333,0.014966667,5.710633333,0.0902,0.0285,0,0.240866667,0.018766667,0.103233333,0.0002,0.1867,0.048233333,0.023433333
820,0.034566667,22.7315,0.054266667,0.327033333,0.010833333,0.010833333,0.0516,6.957166667,0,0.008166667,0.0469,0.112766667,0.009733333,0.172333333,0,0.273966667,0.008333333,0.187066667,0.002333333,0.096533333,0.0202,0.048066667
826,0.037766667,0.5569,0.007766667,0.0073,0.0345,0.0138,0.010833333,37.87823333,0.002966667,0.002366667,0.020766667,3.940066667,0.1668,0.040566667,0,0.244566667,0.0124,0.0603,0,0.127333333,0.0576,0.078833333
827,0.0267,0.05435,0.0131,0.0035,0.01405,0.00895,0.0088,43.28835,0.00355,0.00115,0.03485,3.9293,0.1777,0.0638,0,0.25555,0.089,0.1685,0,0.0886,0.0188,0.0859
844,0.024766667,0.7682,0.005866667,0.103533333,0.0392,0.012266667,0.196066667,30.08106667,0.004866667,0.014633333,3.291866667,1.308966667,0.112033333,0.3917,0.007333333,0.273933333,0.0764,0.1622,0,0.075633333,0.022333333,0.067333333
845,0.037133333,0.280933333,0.006666667,0.091333333,0.031633333,0.0156,0.021333333,27.78463333,0.012066667,0.001733333,0.0447,5.7974,0.037966667,0.057933333,0.003666667,0.28,0.005133333,0.086433333,0.000266667,0.111866667,0.0434,0.0452
851,0.00885,0.0037,0.04085,0.00995,0.0319,0.01325,0.01205,43.7073,0.0031,0.0012,0.03035,5.59755,0,0.10025,0.0055,0.2524,0.10785,0.29,0.0032,0.0988,0.02915,0.09335
894,0.012566667,0.101866667,0.111966667,0.1321,0.0107,0.012633333,0.034266667,27.6828,0.0053,0.0013,0.028733333,3.775933333,0.071166667,0.0446,0.003666667,0.278666667,0.1258,0.012666667,0,0.189066667,0.0846,0.036133333
906,0.02975,0.82885,0.0052,0.01905,0.05,0.01215,0.0058,43.8623,0.004,0.0007,0.0602,5.07255,0.25855,0.01815,0,0.1273,0.02425,0.0865,0.00245,0.10425,0.04155,0.07305
911,0.009566667,1.412833333,0.0073,0.002733333,0.058433333,0.013966667,0.007166667,43.07006667,0.005266667,0.000933333,0.0498,4.247733333,0.165566667,0.022733333,0,0.2487,0.029833333,0.101366667,0.002233333,0.1716,0.064633333,0.075
929,0.010466667,0.570933333,0.007633333,0.004433333,0.011466667,0.008833333,0.0136,39.75496667,0.004033333,0.004233333,0.019666667,5.125666667,0,0.031366667,0,0.243233333,0.003666667,0.060333333,0,0.181533333,0.0827,0.011566667
931,0.0319,0.1517,0.009133333,0.1826,0.020066667,0.019666667,0.0083,17.48736667,0.016833333,0.001233333,9.281966667,1.230166667,0.031466667,0.0236,0.011,0.266133333,0.0077,0.041833333,0.0012,0.036033333,0.0178,0.0482
935,0.0119,0.5051,0.0036,0.0058,0.043766667,0.007966667,0.0068,39.45693333,0.005766667,0.001966667,0.037666667,5.083933333,0.065166667,0.025166667,0.003666667,0.243166667,0.006866667,0.092266667,0.0021,0.131633333,0.085566667,0.0126
956,0.0388,1.099666667,0.005466667,0.006933333,0.026133333,0.018966667,0.014933333,30.99346667,0.003366667,0.001466667,0.0295,3.879066667,0,0.047733333,0,0.2373,0.005766667,0.087033333,0.000633333,0.122866667,0.074066667,0.017466667
970,0.00925,0.3131,0.00695,0.0028,0.00885,0.0089,0.0104,41.83675,0.0032,0.00115,0.10155,4.0031,0,0.0397,0,0.24815,0.00515,0.1057,0,0.13645,0.04595,0.02735
971,0.013466667,0.037166667,0.002333333,0.0309,0.024,0.012966667,0.011966667,33.00636667,0.034166667,0.001,0.038766667,6.970566667,0.1361,0.018733333,0,0.262233333,0.0212,0.0068,0,0.025666667,0.013733333,0.019866667
974,0.0026,0.390466667,0.006266667,0.138666667,0.0177,0.0097,0.0014,13.82996667,0.050433333,0.0015,27.45916667,1.433133333,0.0165,0.004366667,0.039933333,0.177633333,0.011166667,0.009133333,0.000966667,0.150133333,0.025166667,0.031733333
975,0.031766667,0.612866667,0.004866667,0.006833333,0.031733333,0.015533333,0.010366667,36.04663333,0.003433333,0.000666667,0.008833333,5.640033333,0.1286,0.030233333,0,0.248766667,0.005966667,0.071266667,0.005233333,0.1397,0.038633333,0.031333333
1006,0.012,0.813,0.0068,0.0169,0.0394,0.0087,0.0102,18.1991,0.0048,0.0054,0.1515,38.6297,0,0.0543,0,0.2276,0.0061,0.1015,0.0053,0.1167,0.0896,0.0023
1026,0.0361,0.1097,0.0085,0.0039,0.0073,0.0088,0.0127,18.9212,0.0044,0.0051,0.1047,30.9599,0,0.0419,0,0.2279,0.0047,0.1008,0.002,0.1353,0.0901,0.0031
1063,0.0223,0.927566667,0.004366667,0.0124,0.0451,0.0123,0.0144,36.39603333,0.001833333,0.0004,0.0189,1.971666667,0.2265,0.0833,0.003666667,0.249133333,0.0935,0.107333333,0.001166667,0.054733333,0.0307,0.038133333
1064,0.0175,0.276033333,0.0049,0.020233333,0.046666667,0.0138,0.012766667,37.93503333,0.004166667,0.0019,0.0125,4.333633333,0,0.033033333,0.003666667,0.249333333,0.0056,0.1045,0.002033333,0.141133333,0.050866667,0.0593
1151,0.028266667,0.572233333,0.0063,0.0086,0.021233333,0.015166667,0.012266667,33.0671,0.003633333,0.001066667,0.011666667,5.2427,0,0.040866667,0,0.238233333,0.004333333,0.103566667,0.001566667,0.142766667,0.063333333,0.036266667
1187,0.0212,1.2243,0.0053,0.0025,0.0475,0.01,0.0097,18.918,0.0032,0.0056,0.0654,34.1983,0,0.0484,0,0.2261,0.0066,0.1099,0.0051,0.0754,0.04,0.0055
1228,0.0293,1.3518,0.0115,0.0014,0.0229,0.0094,0.0177,21.4398,0.0047,0.0051,0.0852,37.7341,0,0.0306,0,0.2288,0.0029,0.0878,0.0037,0.155,0.1168,0.0036
1245,0.031,1.9612,0.0091,0.0014,0.0534,0.0103,0.013,19.662,0.0052,0.0064,0.1661,37.5055,0,0.0625,0.011,0.2291,0.007,0.1387,0.0071,0.0535,0.0519,0.0091
1315,0.024566667,0.5336,0.006866667,0.004766667,0.072,0.011133333,0.0092,39.30036667,0.0068,0.0021,0.034666667,4.979166667,0.114866667,0.035033333,0.007333333,0.2433,0.0105,0.0897,0.003433333,0.184333333,0.068866667,0.010333333
1337,0.015433333,0.738933333,0.005733333,0.0112,0.0367,0.013266667,0.0123,34.32966667,0.0059,0.0013,0.023833333,4.604966667,0,0.0337,0,0.252766667,0.0037,0.093233333,0.0061,0.132166667,0.068366667,0.016133333
1368,0.0074,0.2863,0.0029,0.006,0.023033333,0.0154,0.009533333,37.92776667,0.005566667,0.0021,0.018,5.009033333,0,0.035333333,0,0.2482,0.004033333,0.089466667,0.0003,0.104233333,0.066366667,0.010566667
1384,0.012066667,1.4672,0.0069,0.003433333,0.010866667,0.0064,0.0071,36.44916667,0.003966667,0.000666667,0.047033333,4.285533333,0.0521,0.021333333,0.003666667,0.244533333,0.0028,0.080833333,0,0.0788,0.064966667,0.023333333
1400,0.013666667,0.583333333,0.004366667,0.095366667,0.022033333,0.011233333,0.0101,34.4069,0.0088,0.002833333,0.047766667,4.813233333,0.027533333,0.039366667,0,0.239233333,0.004933333,0.104533333,0.002,0.111533333,0.036933333,0.009066667
1401,7.77115,18.9615,0.81635,0.4274,2.43805,4.3522,4.0372,1037.9831,0.59665,0.07555,512.82505,84.9271,4.1405,8.98945,0.011,0.58365,1.43385,0.7816,0,0.01165,3.4976,5.9989
1416,0.009133333,0.434066667,0.0069,0.0182,0.014833333,0.013466667,0.007133333,39.16523333,0.0063,0.001466667,0.006166667,3.675766667,0.039333333,0.066466667,0.011,0.244,0.102733333,0.079966667,0,0.100333333,0.025466667,0.0529
1417,0.011433333,0.915033333,0.0038,0.026566667,0.0227,0.009,0.017066667,36.38036667,0.003866667,0.001666667,0.021366667,6.339533333,0.113766667,0.0398,0.007333333,0.256166667,0.056933333,0.144333333,0,0.0846,0.026933333,0.078266667
1424,0.00675,0.47615,0.00525,0.00255,0.0181,0.0059,0.00645,43.18535,0.00335,0.0009,0.0307,4.2919,0.25435,0.0166,0,0.2527,0.0173,0.11945,0,0.0945,0.05845,0.0181
1425,0.0116,0.47665,0.003,0.02155,0.0247,0.0085,0.00635,43.81145,0.00345,0.0012,0.01675,4.18045,0.15275,0.06505,0,0.25155,0.0067,0.1171,0,0.09195,0.0505,0.02695
1426,0.0097,0.61865,0.0027,0.0198,0.01385,0.00955,0.00675,43.0347,0.0022,0.0015,0.02445,4.43065,0.1171,0.027,0,0.2506,0.0106,0.11835,0,0.0922,0.0285,0.02725
1429,0.02405,0.0814,0.00375,0.0027,0.0048,0.0063,0.0164,43.8148,0.0039,0.0055,0.0301,5.386,0,0.2003,0,0.2503,0.0958,0.37665,0,0.09185,0.0243,0.041
1441,0.00805,0.0437,0.00205,0.0027,0.00915,0.01855,0.0199,39.89995,0.0044,0.0008,0.0343,1.3122,0.16135,0.01285,0.0055,0.2574,0.01965,0.01495,0,0.0509,0.02415,0.0774
1444,0.0291,1.2435,0.0067,0.0053,0.0218,0.01485,0.01035,35.73295,0.0048,0.0011,0.0118,4.6014,0,0.05205,0,0.24605,0.00575,0.08195,0.00065,0.13265,0.07365,0.02375
1449,0.01985,0.375,0.007,0.0055,0.0193,0.0087,0.00585,35.44695,0.00415,0.002,0.01715,5.41165,0.11615,0.0194,0,0.255,0.01145,0.1758,0,0.08775,0.0111,0.02185
1495,0.0292,0.0333,0.00965,0.0156,0.0338,0.01565,0.0122,41.2829,0.00035,0.0093,0.01905,5.20225,0.1512,0.21335,0.0096,0.24595,0.1097,0.2934,0.00055,0.20425,0.0966,0.07185
1510,0.014066667,1.6608,0.0128,0.002833333,0.0117,0.013466667,0.010066667,34.77933333,0.005166667,0.002266667,0.028466667,4.178933333,0.051633333,0.069066667,0,0.2507,0.005166667,0.1272,0,0.1083,0.044066667,0.0406
1603,0.019133333,0.696666667,0.005533333,0.004466667,0.052733333,0.015733333,0.008433333,38.7793,0.003466667,0.0013,0.0051,4.582633333,0.170366667,0.061466667,0,0.2498,0.0154,0.081866667,0.001433333,0.141266667,0.0662,0.0286
1606,0.013633333,0.580933333,0.004466667,0.003866667,0.0471,0.011733333,0.007233333,39.7237,0.003833333,0.0015,0.017466667,4.6569,0.1855,0.0435,0.003666667,0.251466667,0.022133333,0.1038,0.0069,0.148433333,0.0727,0.028266667
1645,0.009266667,1.073733333,0.019966667,0.144333333,0.0265,0.008566667,0.007633333,16.5087,0.032166667,0.005133333,14.21753333,1.399033333,0,0.014533333,0.011,0.2568,0.034033333,0.0558,0.001866667,0.0432,0.021666667,0.031833333
1646,0.033133333,0.845066667,0.0097,0.498633333,0.014833333,0.012166667,0.011866667,31.73073333,0.008033333,0.005366667,0.226466667,3.9272,0.119833333,0.341666667,0.007333333,0.269766667,0.0353,0.141333333,0,0.066666667,0.014633333,0.031166667
1647,0.017966667,1.7192,0.108466667,0.410833333,0.029633333,0.0151,0.0227,33.2899,0.032,0.0296,3.209133333,4.048766667,0.1213,0.076533333,0.011,0.264833333,0.1648,0.158433333,0.0004,0.059166667,0.029066667,0.0268
1649,0.0353,1.2548,0.0046,0.34075,0.01175,0.0137,0.0099,31.4838,0.0068,0.00555,0.06715,3.45015,0.0556,0.37295,0.0055,0.27885,0.0333,0.1754,0,0.0572,0.02505,0.08105
1650,0.030066667,0.829466667,0.0037,0.2003,0.015766667,0.010633333,0.0091,34.73736667,0.007866667,0.0045,0.168766667,3.7466,0.082233333,0.3352,0.007333333,0.2734,0.032633333,0.1385,0,0.0611,0.014466667,0.079766667
1651,0.021166667,0.349033333,0.005966667,1.372533333,0.014866667,0.0149,0.010966667,33.8482,0.0075,0.0029,3.6945,4.317033333,0.0362,0.2337,0.011,0.283166667,0.020066667,0.121966667,0,0.0399,0.0118,0.0614
1659,0.015733333,0.080766667,0.002733333,0.1136,0.016133333,0.016033333,0.007,28.437,0.004966667,0.0008,0.045733333,7.275266667,0.110233333,0.0235,0,0.270133333,0.005333333,0.0072,0,0.0242,0.018733333,0.035866667
1660,0.036866667,0.286733333,0.011366667,0.128933333,0.0226,0.026533333,0.013866667,15.72936667,0.007,0.002466667,6.140266667,3.483033333,0.018866667,0.027633333,0.011,0.1742,0.0096,0.0444,0.002633333,0.0407,0.0239,0.0446
2265,0.0301,0.33145,0.0323,0.0137,0.0292,0.01575,0.02265,32.9471,0.0073,0.02685,0.03565,0.4165,9.57735,0.1283,0,0.2627,0.0762,0.72265,0.0005,0.2353,0.11355,0.07165
2321,0.0116,0.244366667,0.110166667,0.1152,0.015433333,0.019333333,0.0324,26.8232,0.005133333,0.002,0.012733333,3.7037,0,0.040266667,0,0.2693,0.120333333,0.013133333,0,0.2149,0.0902,0.0374
2322,0.012,0.893966667,0.0817,0.1322,0.0114,0.012766667,0.022866667,26.1072,0.006766667,0.006933333,0.022066667,4.057266667,0.097233333,0.0604,0,0.247366667,0.198233333,0.066,0,0.094266667,0.039133333,0.023866667
2395,0.0099,0.065066667,0.04,0.066666667,0.0124,0.013166667,0.032233333,27.65146667,0.003,0.001533333,0.010266667,3.284033333,0.1037,0.032633333,0,0.281366667,0.072233333,0.008333333,0,0.145933333,0.048766667,0.041533333
2396,0.0162,0.256766667,0.069666667,0.0907,0.017666667,0.0165,0.107433333,34.63043333,0.003666667,0.005566667,0.0279,3.781466667,0,0.075366667,0,0.2845,0.163333333,0.091066667,0,0.182766667,0.063766667,0.1126
2397,0.035833333,0.582866667,0.0095,0.008,0.0448,0.013633333,0.009366667,36.82573333,0.003933333,0.000933333,0.0141,4.639933333,0.2026,0.0444,0,0.243933333,0.0172,0.091633333,0.0009,0.135533333,0.0499,0.025
2403,0.012033333,0.655066667,0.027633333,0.0179,0.1121,0.012333333,0.0044,37.47523333,0.0218,0.002133333,0.0301,4.0729,0.030066667,0.153966667,0,0.246566667,0.205366667,0.207333333,0.000333333,0.2534,0.091133333,0.043033333
2433,0.024133333,0.706,0.006266667,0.004733333,0.040533333,0.016033333,0.010166667,34.41946667,0.0039,0.002,0.060766667,14.98463333,0.069566667,0.0477,0,0.238933333,0.007566667,0.1058,0.0032,0.0971,0.050533333,0.039633333
2439,0.043066667,0.338633333,0.019733333,0.093533333,0.0306,0.015266667,0.018833333,16.2705,0.0066,0.003233333,3.684366667,2.619233333,0.046566667,0.0432,0.011,0.274333333,0.019,0.062766667,0.002133333,0.047633333,0.019333333,0.0432
2440,0.0343,0.2051,0.014433333,0.5483,0.031966667,0.031366667,0.0245,18.1163,0.005966667,0.003733333,3.550066667,3.9973,0.0675,0.046366667,0.011,0.270433333,0.029033333,0.0761,0.001566667,0.048233333,0.015333333,0.047733333
2449,0.011033333,0.067266667,0.0043,0.022233333,0.0178,0.013333333,0.010733333,33.74643333,0.0161,0.001033333,0.031466667,7.147233333,0.103133333,0.018166667,0,0.2625,0.044466667,0.010266667,0,0.032866667,0.010133333,0.016166667
2450,0.018333333,0.0513,0.0029,0.019166667,0.0375,0.012866667,0.0082,30.0847,0.0007,0.0009,0.025766667,5.576,0.0624,0.017466667,0,0.2533,0.005733333,0.015333333,0.000333333,0.024,0.0104,0.021333333
2473,0.028633333,0.191666667,0.007933333,0.1616,0.044066667,0.0197,0.0215,24.36536667,0.041033333,0.001033333,0.046966667,5.8303,0.103333333,0.0452,0,0.2732,0.011433333,0.007333333,0,0.046433333,0.0194,0.0378
2480,0.0189,0.3631,0.061133333,0.131166667,0.026933333,0.014033333,0.2798,36.0566,0.008266667,0.023766667,0.040233333,3.390233333,0.070033333,0.130833333,0,0.2838,0.183233333,0.151733333,0.0004,0.288666667,0.084133333,0.080733333
2483,0.022,0.830933333,0.004533333,0.021766667,0.020433333,0.0261,0.014533333,35.55443333,0.0038,0.001366667,0.0151,6.253233333,0.126933333,0.0413,0.003666667,0.2548,0.051766667,0.152533333,0,0.085133333,0.024466667,0.051633333
2486,0.009333333,0.0027,0.0417,0.1063,0.0139,0.007133333,0.306066667,21.4444,0.0033,0.048366667,0.0426,3.129266667,0,0.138966667,0,0.1877,0.121933333,0.123666667,0.0005,0.206133333,0.038933333,0.054766667
2489,0.0443,0.736666667,0.006066667,0.003933333,0.038,0.022466667,0.0087,35.06303333,0.004533333,0.003366667,0.092166667,11.01796667,0.049633333,0.0392,0.007333333,0.231766667,0.015933333,0.115466667,0.001233333,0.090666667,0.022566667,0.037866667
2491,0.012233333,0.370233333,0.0547,0.0714,0.0316,0.013166667,0.011766667,37.93963333,0.004033333,0.0146,0.03,4.296133333,0,0.0827,0.003666667,0.276766667,0.157366667,0.060033333,0,0.173766667,0.081166667,0.072333333
2508,0.012766667,1.295233333,0.004233333,0.0216,0.011766667,0.0093,0.008866667,32.90036667,0.0059,0.000433333,0.015933333,6.683933333,0.256933333,0.024833333,0.003666667,0.254733333,0.055166667,0.159833333,0,0.107266667,0.0333,0.0154
2513,0.017266667,0.1678,0.006633333,0.029566667,0.022566667,0.012766667,0.013866667,35.23863333,0.005466667,0.0009,0.008133333,4.684266667,0,0.045166667,0,0.2545,0.0047,0.0915,0.0002,0.167566667,0.0588,0.0621
2521,0.019366667,0.939266667,0.0411,0.113233333,0.032033333,0.0127,0.011,33.87283333,0.0032,0.0008,0.059833333,2.454166667,0.1381,0.035,0,0.286833333,0.024666667,0.018866667,0,0.115133333,0.045366667,0.0542
2529,0.052566667,0.224766667,0.019333333,0.1017,0.025566667,0.013633333,0.0187,28.5332,0.003166667,0.004,0.052266667,4.187066667,0,0.054766667,0,0.264933333,0.006466667,0.097866667,0.000133333,0.180666667,0.0751,0.039533333
2559,0.03985,0.2299,0.0233,0.00405,0.02035,0.01305,0.02655,41.91835,0.00605,0.0348,0.04615,0.01795,0.14925,0.191,0.011,0.25635,0.1411,0.43685,0,0.08345,0.0584,0.06095
2560,0.0131,0.0529,0.003,0.0271,0.0174,0.0106,0.0109,32.2502,0.0127,0.0013,0.0021,7.8511,0.1011,0.0177,0,0.2646,0.012,0.0106,0,0.027,0.011,0.0168
2568,0.0376,0.38065,0.00285,0.022,0.04285,0.01525,0.0134,20.8147,0.00435,0.00195,0.0409,2.44865,0.0714,0.03935,0.0055,0.25235,0.04835,0.08655,0.00035,0.09945,0.00795,0.04715
2572,0.032366667,0.946466667,0.006466667,0.010133333,0.04,0.0086,0.009766667,21.06566667,0.003566667,0.0028,0.0621,12.36016667,0.008233333,0.0369,0,0.228,0.005066667,0.0655,0.003133333,0.066,0.0222,0.012
2577,0.0318,0.967666667,0.010333333,0.0024,0.035733333,0.0053,0.012466667,25.0677,0.004666667,0.0034,0.0448,14.3393,0.1086,0.037433333,0.003666667,0.1505,0.005566667,0.067833333,0.001766667,0.0807,0.053033333,0.011066667
2578,0.03,1.799366667,0.011933333,0.0036,0.031466667,0.015566667,0.0224,21.5227,0.005033333,0.004633333,0.029866667,17.3219,0,0.071366667,0.007333333,0.235166667,0.004833333,0.122766667,0.003266667,0.104066667,0.052133333,0.011366667
2580,0.0121,0.1312,0.0374,0.101633333,0.0297,0.0165,0.0435,32.64963333,0.010233333,0.001266667,0.044433333,3.505,0.108833333,0.0408,0,0.284166667,0.1461,0.0195,0,0.184833333,0.0603,0.057866667
2581,0.037933333,0.472966667,0.011066667,0.4207,0.025433333,0.014266667,0.014,15.69436667,0.005433333,0.002966667,5.731966667,1.292466667,0.0183,0.043866667,0.011,0.271666667,0.012866667,0.055633333,0.002033333,0.0569,0.015466667,0.0349
2592,0.0289,1.2295,0.0058,0.009233333,0.026433333,0.016933333,0.010133333,32.05476667,0.0052,0.001033333,0.012333333,4.845333333,0,0.040033333,0,0.236033333,0.0052,0.0722,6.67E-05,0.087366667,0.036833333,0.015866667
2597,0.021533333,0.0297,0.035733333,0.002833333,0.035333333,0.027933333,0.0057,39.654,0.005466667,0.003933333,0.0531,4.072333333,0.0017,0.073733333,0,0.237566667,0.012666667,0.1397,0,0.034266667,0.013466667,0.0523
2599,0.0148,1.405833333,0.048966667,0.8271,0.024533333,0.018633333,0.022466667,24.65323333,0.013733333,0.0156,6.451633333,2.5613,0.042533333,0.0735,0.007333333,0.178866667,0.077166667,0.098266667,0.001233333,0.072333333,0.027566667,0.0243
2600,0.0316,0.926266667,0.012033333,0.003133333,0.034466667,0.013033333,0.0225,27.04433333,0.006766667,0.003566667,0.020933333,16.1545,0,0.0508,0.003666667,0.2361,0.004566667,0.085966667,0.0018,0.084133333,0.059266667,0.011133333
2605,0.015266667,0.976633333,0.065633333,0.086633333,0.020066667,0.012033333,0.026066667,22.88456667,0.009733333,0.012833333,3.775633333,2.9785,0.064633333,0.071466667,0.003666667,0.2397,0.129133333,0.087966667,0.000433333,0.0514,0.016166667,0.0258
2629,0.0288,0.743266667,0.010533333,0.003066667,0.029766667,0.019766667,0.013233333,27.74196667,0.004833333,0.002466667,0.041833333,16.66496667,0.023,0.0298,0.003666667,0.234266667,0.004,0.057466667,0.001366667,0.104133333,0.0592,0.0095
2644,0.014366667,0.079833333,0.005133333,0.0154,0.0118,0.011333333,0.008033333,32.42136667,0.0024,0.000666667,0.040533333,6.068533333,0,0.0388,0,0.2554,0.015066667,0.1238,0.000433333,0.126333333,0.0436,0.0194
2666,0.00875,0.8678,0.04035,0.0097,0.01085,0.0058,0.02835,13.31155,0.00655,0.0214,0.1919,2.16405,0.0467,0.12435,0.0055,0.1335,0.12615,0.06055,0,0.0085,0.01945,0.01545
2675,0.0358,0.032633333,0.012133333,0.002633333,0.016033333,0.038166667,0.006666667,40.13213333,0.005,0.000933333,0.092666667,2.602966667,0.1638,0.058666667,0.003666667,0.247233333,0.026233333,0.1316,0.0005,0.072366667,0.022033333,0.0493
2693,0.023266667,0.578933333,0.003766667,0.002466667,0.065133333,0.0085,0.010266667,35.23056667,0.008333333,0.002666667,0.013566667,5.407266667,0.114933333,0.028366667,0,0.2213,0.008766667,0.067333333,0.002166667,0.098766667,0.035933333,0.008066667
2701,0.044166667,0.263666667,0.008733333,0.006633333,0.022433333,0.010566667,0.014866667,26.38986667,0.003266667,0.0023,0.0686,16.53486667,0,0.018866667,0,0.152266667,0.003933333,0.0577,0.0016,0.1891,0.1232,0.015866667
2702,0.017266667,0.985533333,0.0056,0.020533333,0.022833333,0.018033333,0.0115,36.63383333,0.004033333,0.0022,0.017833333,4.9976,0.162466667,0.048933333,0,0.255766667,0.084866667,0.199166667,0,0.136266667,0.042,0.0506
2729,0.012966667,0.051966667,0.0043,0.020633333,0.015066667,0.012433333,0.010766667,31.3375,0.009366667,0.0008,0.035033333,6.818666667,0.147966667,0.0215,0,0.258133333,0.010366667,0.005733333,0,0.029266667,0.012366667,0.051166667
2733,0.0277,0.3897,0.00605,0.005,0.0505,0.01285,0.00985,36.1327,0.0051,0.00105,0.0126,4.8039,0.1134,0.03845,0,0.2443,0.00645,0.0917,0.00095,0.1146,0.03935,0.02585
2737,0.0294,0.6937,0.006633333,0.0186,0.042666667,0.014066667,0.011333333,33.74253333,0.004366667,0.0012,0.010533333,4.927466667,0.037733333,0.0488,0,0.225533333,0.004766667,0.0915,1.00E-04,0.1053,0.058466667,0.0308
2739,0.015,0.829233333,0.0081,0.013333333,0.037666667,0.013433333,0.0059,36.69423333,0.004566667,0.0014,0.025533333,4.0771,0,0.0765,0.003666667,0.245666667,0.006733333,0.120833333,0,0.173833333,0.071033333,0.0531
2741,0.025366667,0.0422,0.0054,0.0041,0.057866667,0.010366667,0.038666667,20.22206667,0.002266667,0.000466667,0.076233333,4.0422,0.0714,0.030933333,0.007333333,0.205833333,0.013966667,0.0053,0.0003,0.0636,0.0337,0.052233333
2742,0.02975,0.5919,0.00325,0.0027,0.04045,0.0223,0.0056,38.52685,0.00425,0.0018,0.04405,5.3135,0,0.01635,0.0055,0.24285,0.00245,0.07605,0.00745,0.12145,0.06425,0.01075
2752,0.0053,0.04405,0.0012,0.04255,0.0069,0.0261,0.00955,27.84655,0.0026,0.00045,0.0221,3.10655,0.1614,0.0105,0,0.23235,0.0022,0.01105,0,0.0134,0.0082,0.0104
2753,0.0427,0.0232,0.013,0.1701,0.03605,0.0162,0.0193,29.77625,0.0034,0.0011,0.023,4.68045,0,0.0359,0,0.2883,0.0048,0.01185,0,0.16055,0.0344,0.07425
2754,0.028333333,0.389933333,0.0256,0.0275,0.014933333,0.016633333,0.027566667,22.7493,0.004766667,0.001366667,0.0116,5.5219,0.043833333,0.059566667,0,0.245366667,0.043366667,0.1297,0,0.083666667,0.012866667,0.038066667
2775,0.0094,0.868633333,0.0117,0.003066667,0.0573,0.018033333,0.010966667,40.40186667,0.006933333,0.002933333,0.0134,5.250066667,0.165033333,0.045366667,0.003666667,0.2432,0.033433333,0.073366667,0,0.162666667,0.0649,0.0143
2789,0.018733333,1.010033333,0.004633333,0.018666667,0.024733333,0.0166,0.0113,36.28366667,0.0027,0.0036,0.012833333,1.341233333,0.136166667,0.185233333,0,0.250666667,0.084366667,0.1403,0,0.081366667,0.024533333,0.0432
2790,0.015033333,1.661233333,0.006966667,0.003133333,0.0063,0.0135,0.016933333,34.0823,0.0039,0.0027,0.011666667,3.9693,0,0.0478,0,0.2387,0.004,0.146166667,0,0.197133333,0.090933333,0.0138
2791,0.054666667,0.8574,0.012633333,0.003533333,0.0468,0.0129,0.019533333,25.98726667,0.005,0.003133333,0.047666667,15.6373,0,0.0386,0,0.2242,0.003533333,0.0783,0.004266667,0.150333333,0.065166667,0.011333333
2797,0.007566667,1.344733333,0.011066667,0.002933333,0.0071,0.013433333,0.015533333,35.23126667,0.008266667,0.0027,0.0227,4.0982,0,0.0358,0,0.2403,0.0041,0.2075,0,0.187566667,0.0651,0.013633333
2804,0.016366667,0.099033333,0.005383333,0.00465,0.01665,0.0156,0.011333333,27.5107,0.008066667,0.0015,0.0337,11.59193333,0.0635,0.02815,0.003666667,0.235516667,0.024283333,0.03215,0.00105,0.112666667,0.036066667,0.029316667
2808,0.024566667,0.561433333,0.0062,0.0027,0.057233333,0.013166667,0.009466667,33.0163,0.0046,0.0006,0.031533333,4.3911,0.1934,0.057766667,0.003666667,0.252766667,0.015666667,0.100833333,0.002566667,0.082766667,0.010066667,0.0279
2809,0.0029,0.108533333,0.016333333,0.0025,0.001533333,0.0173,0.008333333,21.91413333,0.011333333,0.0086,15.65273333,0.1907,0,0.015766667,0.011,0.157566667,0.022233333,0.1312,0,0.057666667,0.015666667,0.034066667
2827,0.0291,0.909,0.006533333,0.021666667,0.0205,0.0276,0.0163,36.85296667,0.003933333,0.0014,0.011033333,6.370566667,0.112166667,0.0451,0.003666667,0.253066667,0.0565,0.145433333,0,0.096066667,0.0263,0.062
2864,0.012266667,0.157233333,0.0044,0.023666667,0.010133333,0.027666667,0.0113,29.214,0.0023,0.001066667,0.018066667,3.685033333,0.189366667,0.0423,0,0.2348,0.016366667,0.057833333,0,0.0257,0.016966667,0.0106
2875,0.030633333,0.857333333,0.006333333,0.02,0.025,0.0163,0.010666667,32.47896667,0.004633333,0.000733333,0.014633333,4.801266667,0.066133333,0.035233333,0,0.2324,0.005733333,0.079633333,0.001066667,0.146666667,0.0666,0.042066667
2878,0.016566667,0.065633333,0.0045,0.041333333,0.021,0.011566667,0.012233333,27.88463333,0.007266667,0.001066667,0.048,6.591033333,0.1945,0.0221,0,0.258333333,0.0075,0.0138,0,0.0217,0.0115,0.0226
2885,0.072566667,0.099433333,0.0068,0.015733333,0.068933333,0.015466667,0.0159,29.8493,0.009866667,0.001133333,0.0866,5.845333333,0.027233333,0.048766667,0.003666667,0.285866667,0.005766667,0.118133333,0.0036,0.111166667,0.0368,0.0337
2886,0.025933333,0.144866667,0.011833333,0.002833333,0.015766667,0.030466667,0.008566667,41.8556,0.003866667,0.000866667,0.038066667,1.954066667,0.151,0.038333333,0,0.250433333,0.015333333,0.1031,0,0.0901,0.035766667,0.0796
2887,0.025733333,0.797033333,0.004633333,0.0025,0.047633333,0.014166667,0.007566667,42.08976667,0.0059,0.001,0.0619,4.947233333,0.244233333,0.023366667,0,0.248933333,0.022366667,0.087833333,0.003666667,0.088933333,0.042,0.046
2888,0.021533333,0.366933333,0.003866667,0.007133333,0.028033333,0.017366667,0.021266667,26.29196667,0.005166667,0.0023,0.049833333,14.63706667,0.038533333,0.032566667,0,0.229233333,0.006366667,0.0381,0.0026,0.171033333,0.034433333,0.015066667
2889,0.013133333,0.287566667,0.0071,0.003766667,0.0201,0.021333333,0.0332,28.37213333,0.0052,0.002666667,0.087433333,14.04436667,0.056533333,0.040733333,0.007333333,0.229566667,0.005233333,0.047666667,0.0009,0.244366667,0.1063,0.031533333
2890,0.0392,0.229266667,0.012,0.0031,0.0381,0.019266667,0.022133333,31.69773333,0.004933333,0.003433333,0.064933333,13.77333333,0.154166667,0.0478,0,0.229866667,0.0127,0.037833333,0.002933333,0.072033333,0.0474,0.032333333
2897,0.006933333,1.051633333,0.005466667,0.003,0.005233333,0.0178,0.011533333,37.64313333,0.0046,0.0021,0.021866667,5.1917,0.0316,0.034866667,0,0.244166667,0.003766667,0.138233333,0,0.133433333,0.0649,0.012766667
2898,0.008666667,0.654233333,0.009766667,0.004433333,0.0087,0.016766667,0.009066667,38.1166,0.005466667,0.003433333,0.0298,4.832266667,0.0394,0.056366667,0,0.241033333,0.007033333,0.1072,0,0.170166667,0.077466667,0.0086
2904,0.0466,0.315116667,0.015766667,0.007683333,0.039533333,0.015,0.0446,29.86981667,0.005166667,0.009216667,0.041433333,7.02705,0.041316667,0.099966667,0.001833333,0.23865,0.013383333,0.1813,0.001816667,0.10695,0.014783333,0.013416667
2907,0.043166667,0.246933333,0.004366667,0.0023,0.052533333,0.0243,0.009766667,42.31056667,0.005833333,0.0015,0.0528,7.162366667,0,0.046466667,0.003666667,0.252633333,0.006566667,0.761066667,0.000533333,0.066933333,0.033533333,0.0783
2908,0.03015,0.37555,0.0049,0.00605,0.02555,0.01175,0.00725,36.59905,0.0033,0.0012,0.03455,4.31805,0.2583,0.02175,0,0.2493,0.02585,0.07405,0.0006,0.09575,0.0345,0.02065
2927,0.007266667,0.430733333,0.003833333,0.003066667,0.006333333,0.028566667,0.008066667,39.00513333,0.003233333,0.001433333,0.0487,4.907233333,0.022866667,0.026566667,0,0.242066667,0.003666667,0.098833333,0,0.124666667,0.052766667,0.009966667
2931,0.005,0.213766667,0.002466667,0.001833333,0.004166667,0.021733333,0.005533333,36.39353333,0.022333333,0.001933333,0.0285,4.9544,0,0.0124,0,0.239933333,0.001766667,0.0426,0,0.069266667,0.0229,0.0097
2932,0.004833333,0.0509,0.001866667,0.002066667,0.004633333,0.019633333,0.004366667,38.4395,0.0145,0.0016,0.035366667,4.8969,0.246366667,0.008966667,0.003666667,0.241,0.0195,0.011233333,0,0.045333333,0.022066667,0.011333333
2933,0.004233333,0.0993,0.002266667,0.0022,0.0071,0.024566667,0.002366667,37.96423333,0.0246,0.001633333,0.029833333,4.937933333,0.170333333,0.006833333,0,0.243533333,0.0194,0.006,0,0.0472,0.0172,0.0077
2934,0.008133333,0.266666667,0.009433333,0.003166667,0.005733333,0.0132,0.008066667,33.31026667,0.007566667,0.003133333,0.026666667,5.045533333,0.086966667,0.043066667,0,0.229633333,0.005833333,0.187266667,0.001333333,0.097666667,0.035466667,0.0047
2935,0.015833333,0.653866667,0.003366667,0.002133333,0.055533333,0.010733333,0.009266667,36.81803333,0.009,0.0018,0.024733333,5.820066667,0,0.024533333,0,0.2308,0.003333333,0.072633333,0.000966667,0.107666667,0.037633333,0.0093
2945,0.0415,0.8481,0.0052,0.0075,0.032833333,0.016466667,0.012633333,33.16463333,0.002966667,0.001133333,0.011966667,4.8128,0,0.045666667,0.003666667,0.246633333,0.003866667,0.0884,0.000966667,0.119266667,0.0449,0.023
2948,0.021566667,2.6572,0.009033333,0.005333333,0.0061,0.011533333,0.01,28.4019,0.004833333,0.001033333,0.0265,4.372866667,0,0.060133333,0.003666667,0.259833333,0.004366667,0.136033333,0,0.1164,0.052266667,0.066766667
2956,0.011066667,0.7689,0.006133333,0.002766667,0.0125,0.015333333,0.0103,38.06543333,0.0062,0.001966667,0.036266667,5.0165,0,0.024566667,0,0.251366667,0.0034,0.0974,0,0.1524,0.084333333,0.010833333
2976,0.023033333,1.016566667,0.0046,0.0105,0.055266667,0.014066667,0.010466667,35.69883333,0.003233333,0.000833333,0.021566667,4.135266667,0,0.0455,0,0.242733333,0.004733333,0.0802,0,0.183133333,0.0603,0.0626
2980,0.0404,0.477066667,0.006,0.003033333,0.1384,0.013,0.011333333,39.5269,0.0047,0.002,0.044633333,5.316,0.143466667,0.0332,0,0.244866667,0.009833333,0.087266667,0.010866667,0.147066667,0.071266667,0.0126
2981,0.007233333,0.5536,0.007033333,0.003133333,0.009933333,0.015266667,0.0082,38.55406667,0.0053,0.0025,0.024233333,4.782766667,0.055766667,0.035066667,0.003666667,0.242366667,0.004066667,0.110933333,0,0.169533333,0.078733333,0.013933333
2991,0.024166667,0.441866667,0.0086,0.019633333,0.0128,0.015833333,0.010066667,37.31733333,0.005033333,0.001,0.027566667,3.5402,0,0.037566667,0,0.2504,0.043333333,0.1698,0,0.139866667,0.018966667,0.029366667
2995,0.0075,1.146,0.009666667,0.002566667,0.004933333,0.0131,0.0183,36.98186667,0.003933333,0.002666667,0.0205,4.508866667,0,0.034533333,0,0.244933333,0.003833333,0.1398,0,0.2007,0.095966667,0.011133333
2999,0.0176,0.552666667,0.003633333,0.0107,0.028433333,0.0253,0.017366667,36.94406667,0.004033333,0.0039,0.015066667,1.308566667,0,0.325766667,0,0.246966667,0.1193,0.184166667,0,0.094733333,0.037,0.038966667
3000,0.022866667,0.517733333,0.004666667,0.002633333,0.027033333,0.024333333,0.008233333,35.98703333,0.012766667,0.0013,0.026566667,5.1413,0.069033333,0.0246,0,0.238933333,0.004666667,0.0609,0.001866667,0.084733333,0.039133333,0.018066667
3001,0.0057,0.591866667,0.0028,0.0024,0.004966667,0.027166667,0.0067,38.6047,0.0048,0.002233333,0.022433333,4.733333333,0,0.017533333,0,0.2402,0.002,0.092133333,0,0.133933333,0.0785,0.012766667
3024,0.0716,0.217833333,0.023233333,0.016333333,0.057533333,0.015533333,0.019166667,32.7294,0.012166667,0.001633333,0.066066667,5.5654,0,0.0408,0,0.280433333,0.0058,0.0561,0,0.2118,0.065966667,0.0414
3034,0.007666667,0.463066667,0.008,0.002733333,0.002733333,0.029633333,0.006866667,40.5508,0.0045,0.0025,0.050433333,4.785433333,0.072333333,0.0293,0,0.240933333,0.0069,0.088933333,0,0.148866667,0.059533333,0.014033333
3041,0.042566667,0.462566667,0.006433333,0.0038,0.055166667,0.012366667,0.009433333,39.59466667,0.006033333,0.002066667,0.0149,5.334333333,0.140633333,0.029533333,0,0.242433333,0.012233333,0.0983,0.012366667,0.1558,0.0747,0.008833333
3047,0.014133333,0.505666667,0.035866667,0.1724,0.010733333,0.0164,0.036466667,31.87986667,0.0048,0.001366667,0.046166667,3.197266667,0.0795,0.0402,0,0.282266667,0.112866667,0.015433333,0.0005,0.189133333,0.063633333,0.083466667
3053,0.009233333,0.878733333,0.007866667,0.003033333,0.002666667,0.013266667,0.012866667,35.25126667,0.0058,0.0032,0.0153,4.9368,0,0.057933333,0.003666667,0.242633333,0.005133333,0.120966667,0,0.1472,0.047466667,0.010566667
3056,0.0188,0.75645,0.0033,0.02705,0.0136,0.0076,0.00815,36.72395,0.00915,0.00125,0.02135,4.12,0.18065,0.06195,0,0.2335,0.03265,0.08795,0,0.03945,0.0098,0.03385
3057,0.011933333,0.4331,0.002566667,0.0303,0.0105,0.019366667,0.005733333,34.73823333,0.003666667,0.000866667,0.0154,4.6395,0.065133333,0.029533333,0,0.157966667,0.006066667,0.070133333,0,0.027366667,0.018266667,0.028433333
3072,0.0096,0.492366667,0.0047,0.026866667,0.009233333,0.012866667,0.005966667,37.00733333,0.002133333,0.0009,0.0188,4.378666667,0.171733333,0.025133333,0,0.236266667,0.016933333,0.079866667,0,0.046,0.020866667,0.0151
3090,0.041,0.530966667,0.004166667,0.003033333,0.074433333,0.012433333,0.011033333,38.39933333,0.0056,0.001666667,0.0407,5.537166667,0,0.033466667,0,0.2445,0.003533333,0.0895,0.0037,0.1057,0.0544,0.007166667
3091,0.0068,0.453866667,0.003133333,0.004266667,0.023666667,0.017966667,0.006233333,36.5145,0.008433333,0.0019,0.010933333,5.034566667,0.173533333,0.0236,0,0.238666667,0.011133333,0.102533333,0,0.087666667,0.038866667,0.005466667
3096,0.011433333,0.1563,0.043966667,0.085766667,0.019833333,0.020233333,0.023733333,29.55836667,0.004166667,0.000766667,0.027066667,2.484433333,0.114966667,0.045733333,0.003666667,0.278166667,0.0913,0.0148,0.000466667,0.097433333,0.033233333,0.0287
3104,0.020033333,0.163933333,0.009466667,0.002066667,0.0105,0.0253,0.010233333,45.99876667,0.004133333,0.0064,0.031666667,5.052166667,0,0.197133333,0,0.2532,0.0173,0.350666667,0,0.087633333,0.022,0.023633333
3108,0.0112,1.18575,0.0046,0.01675,0.0528,0.03215,0.0091,35.81745,0.00265,0.00175,0.0229,7.00085,0.21255,0.04365,0,0.2637,0.13065,0.35365,0,0.13305,0.0515,0.02105
3120,0.013533333,0.825266667,0.005833333,0.0215,0.010933333,0.0122,0.0056,32.5067,0.0036,0.0024,3.454633333,3.4497,0.129,0.0244,0.007333333,0.2331,0.043633333,0.0829,1.00E-04,0.051666667,0.016433333,0.0091
3141,0.016433333,0.3401,0.004066667,0.022033333,0.036366667,0.0097,0.0081,25.34303333,0.007833333,0.001,0.027733333,4.3902,0.0989,0.020466667,0,0.2317,0.0122,0.0618,0,0.094866667,0.0424,0.041066667
3239,0.042733333,0.279433333,0.0091,0.018666667,0.030166667,0.0193,0.022533333,28.3285,0.0085,0.001866667,0.0245,5.1935,0.055666667,0.0556,0,0.2701,0.005,0.102333333,0,0.209466667,0.0942,0.052466667
3255,0.055366667,0.224866667,0.0063,0.0161,0.092366667,0.0247,0.025333333,30.8904,0.004966667,0.002,0.0363,4.088733333,0.156066667,0.059566667,0,0.2766,0.0177,0.102933333,0.001466667,0.079966667,0.028633333,0.046966667
3264,0.031366667,0.5542,0.003933333,0.009766667,0.046266667,0.0122,0.0092,37.92796667,0.003366667,0.001166667,0.027733333,4.968466667,0.1439,0.0317,0,0.247066667,0.0083,0.0766,0.0042,0.134466667,0.0617,0.0324
3265,0.023166667,1.5954,0.0047,0.010266667,0.0249,0.013733333,0.0109,37.65146667,0.004433333,0.000933333,0.0197,5.441533333,0,0.039366667,0,0.246466667,0.004066667,0.073266667,0.001566667,0.162633333,0.0919,0.0347
3266,0.027766667,0.591533333,0.005766667,0.004933333,0.029533333,0.0121,0.007166667,36.71623333,0.003566667,0.0006,0.018366667,5.1617,0.160666667,0.0349,0,0.2429,0.0122,0.0789,0.002066667,0.121333333,0.065633333,0.0328
3267,0.0242,1.275766667,0.008233333,0.003233333,0.0336,0.013566667,0.010133333,36.26083333,0.004566667,0.0017,0.042433333,4.629066667,0,0.052033333,0,0.256333333,0.004633333,0.175533333,0.001133333,0.150433333,0.066766667,0.036266667
3303,0.026633333,0.139933333,0.006,0.0023,0.005266667,0.021833333,0.006266667,44.6836,0.005166667,0.0063,0.040366667,4.963133333,0,0.3614,0.003666667,0.254033333,0.0299,0.246733333,0,0.089433333,0.023566667,0.028933333
3311,0.0293,0.569166667,0.0045,0.0149,0.0412,0.013633333,0.010066667,39.1426,0.003766667,0.000533333,0.0179,5.254166667,0.147866667,0.0571,0,0.2503,0.011233333,0.103433333,0.001333333,0.1833,0.0527,0.077466667
3313,0.038766667,0.526466667,0.005033333,0.015933333,0.033633333,0.0138,0.012066667,38.53003333,0.003666667,0.0006,0.012,4.457766667,0.1391,0.069266667,0.003666667,0.243766667,0.0096,0.092533333,0.001833333,0.15,0.057933333,0.0363
3314,0.0324,0.580866667,0.004733333,0.017766667,0.040333333,0.013833333,0.011233333,36.43336667,0.003833333,0.001466667,0.012433333,4.264466667,0.2387,0.039133333,0,0.247266667,0.019733333,0.0824,0.001566667,0.113233333,0.039533333,0.045666667
3315,0.028433333,0.7077,0.007266667,0.006766667,0.0238,0.014766667,0.009566667,37.26043333,0.003466667,0.001333333,0.019233333,4.873666667,0.126066667,0.034533333,0,0.2452,0.005766667,0.070433333,0.0003,0.1172,0.032633333,0.0293
3318,0.0339,0.5435,0.0101,0.004033333,0.037133333,0.0123,0.0095,35.02446667,0.004833333,0.0016,0.009066667,5.174633333,0.1485,0.044533333,0,0.239266667,0.008633333,0.086666667,0.002133333,0.097733333,0.0361,0.021133333
3319,0.0355,2.531666667,0.0093,0.011066667,0.032566667,0.024166667,0.014033333,28.8634,0.0039,0.0016,0.016433333,3.2099,0,0.065466667,0.000333333,0.248333333,0.0053,0.1462,0.0026,0.1382,0.062233333,0.016533333
3344,0.0189,0.34,0.0057,0.002833333,0.031433333,0.010133333,0.009266667,42.5356,0.004866667,0.000933333,0.045533333,3.652633333,0,0.049433333,0,0.2553,0.005633333,0.0738,0,0.1059,0.021633333,0.097866667
3396,0.0128,0.144833333,0.004166667,0.002333333,0.007766667,0.0152,0.032666667,37.82316667,0.005,0.000933333,0.039866667,1.845966667,0.043466667,0.029,0.003666667,0.2535,0.0116,0.016766667,0,0.094533333,0.036233333,0.066333333
3398,0.014733333,0.218633333,0.043666667,1.039166667,0.015233333,0.014366667,0.129233333,31.4487,0.0067,0.001133333,0.042766667,3.723233333,0.1193,0.0336,0,0.281733333,0.133433333,0.033466667,0.000366667,0.151133333,0.074366667,0.0632
3400,0.013866667,0.073266667,0.048133333,0.099233333,0.020633333,0.016333333,0.0521,32.44366667,0.0044,0.001,0.0329,2.7514,0.081833333,0.038633333,0.003666667,0.278133333,0.079633333,0.019733333,0,0.1334,0.057433333,0.067333333
3401,0.0028,0.493366667,0.0044,0.022666667,0.004833333,0.007366667,0.002766667,28.00243333,0.01,0.0019,6.9262,1.5227,0.085333333,0.008166667,0.011,0.2316,0.030566667,0.032233333,0.0395,0.030233333,0.015566667,0.0063
3406,0.030933333,0.672266667,0.009133333,0.004366667,0.0523,0.016166667,0.014533333,26.489,0.003766667,0.000766667,0.008233333,4.775833333,0.057166667,0.052166667,0,0.1926,0.004866667,0.0668,0.0013,0.056033333,0.0282,0.025733333
3411,0.007233333,0.325633333,0.0041,0.023066667,0.012366667,0.017633333,0.003633333,29.08843333,0.007733333,0.000633333,5.8457,3.013266667,0.094766667,0.0129,0.003666667,0.2366,0.010333333,0.0382,0.0008,0.029666667,0.0103,0.0046
3431,0.031125,1.183325,0.0081,0.003325,0.0516,0.01965,0.011275,33.5807,0.00485,0.001275,0.0723,4.823375,0,0.042525,0,0.25145,0.00475,0.209025,0.0029,0.10335,0.051925,0.057225
3444,0.019333333,0.521866667,0.002866667,0.0246,0.027933333,0.022433333,0.006,38.5791,0.003533333,0.000633333,0.0083,4.600333333,0.180266667,0.0247,0,0.2391,0.0203,0.065366667,0.000433333,0.050266667,0.008833333,0.003666667
3445,0.038766667,0.4756,0.005933333,0.004566667,0.038333333,0.011566667,0.0112,35.58243333,0.004066667,0.001366667,0.045133333,5.424833333,0.1968,0.032733333,0,0.2567,0.015166667,0.082266667,0.003933333,0.155533333,0.072466667,0.022566667
3447,0.043333333,1.9929,0.010266667,0.005666667,0.0262,0.0145,0.010766667,34.19413333,0.003166667,0.0009,0.022866667,4.462366667,0,0.045333333,0,0.252366667,0.004333333,0.108133333,0.001466667,0.228333333,0.055966667,0.0217
3448,0.0249,0.6227,0.0045,0.011466667,0.037533333,0.01,0.009033333,38.3769,0.004833333,0.001233333,0.0386,5.014633333,0.216933333,0.029233333,0.003666667,0.249333333,0.021466667,0.075233333,0.000133333,0.129366667,0.047233333,0.026966667
3449,0.029166667,0.449133333,0.0039,0.027433333,0.0306,0.0126,0.006266667,38.84586667,0.003833333,0.001,0.0217,4.972433333,0.160733333,0.022466667,0,0.248433333,0.0156,0.0744,0.001566667,0.1465,0.0724,0.025366667
3451,0.049666667,0.638033333,0.0052,0.004466667,0.053466667,0.0141,0.01,39.17506667,0.003666667,0.001233333,0.0297,4.824433333,0.101233333,0.0387,0,0.2471,0.003966667,0.066233333,0.002566667,0.149333333,0.055933333,0.040433333
3453,0.027466667,0.532666667,0.0054,0.007433333,0.050266667,0.014433333,0.008933333,39.3162,0.0035,0.001066667,0.0219,4.594233333,0.1733,0.035233333,0,0.245766667,0.014066667,0.081166667,0.002033333,0.160033333,0.069633333,0.035366667
3454,0.03755,1.1435,0.00485,0.0081,0.0707,0.0149,0.0098,38.26235,0.0041,0.001,0.0184,4.17315,0,0.0466,0,0.2452,0.00355,0.08475,0,0.191,0.0351,0.03055
3455,0.033166667,0.649733333,0.0054,0.0061,0.049,0.012833333,0.007566667,38.39373333,0.003633333,0.001233333,0.022433333,4.730366667,0.071066667,0.045666667,0,0.2458,0.005133333,0.091166667,0.002566667,0.174433333,0.048133333,0.034533333
3456,0.038566667,0.726633333,0.003733333,0.0185,0.024033333,0.012566667,0.006633333,39.48936667,0.004233333,0.001,0.028033333,5.123166667,0.0909,0.0241,0,0.248766667,0.007166667,0.0691,0.000333333,0.156966667,0.0282,0.046533333
3457,0.029633333,1.387866667,0.004166667,0.005833333,0.021933333,0.0142,0.0098,36.2799,0.0036,0.0008,0.013466667,4.774666667,0,0.028133333,0,0.248766667,0.003433333,0.087866667,0.001266667,0.121,0.081,0.0316
3458,0.038766667,0.767666667,0.0043,0.016333333,0.0436,0.019633333,0.008733333,35.0463,0.003833333,0.0007,0.015566667,4.790866667,0.089433333,0.054033333,0,0.241866667,0.0054,0.089266667,0.002133333,0.1057,0.0387,0.0258
3460,0.035533333,0.466666667,0.005133333,0.012166667,0.024166667,0.015266667,0.010333333,30.61856667,0.0045,0.0011,0.017833333,5.291166667,0.036766667,0.037333333,0,0.218466667,0.005566667,0.087466667,0.0272,0.091066667,0.0204,0.0119
3461,0.029966667,0.535033333,0.0025,0.023433333,0.030066667,0.0126,0.0086,35.52376667,0.002666667,0.000666667,0.049133333,5.437033333,0.2133,0.0311,0,0.254233333,0.0093,0.081433333,0.002166667,0.1085,0.053133333,0.019133333
3462,0.031133333,0.581766667,0.004933333,0.0192,0.028166667,0.0137,0.0086,36.6162,0.0039,0.000966667,0.021866667,5.498233333,0.219733333,0.033,0,0.254333333,0.012166667,0.083766667,0.002133333,0.126333333,0.066933333,0.022233333
3466,0.0422,0.820266667,0.0057,0.013033333,0.0242,0.014633333,0.010733333,37.2223,0.0061,0.002266667,0.028133333,3.805333333,0,0.036333333,0,0.250366667,0.004666667,0.0679,0.054133333,0.146133333,0.052033333,0.020133333
3467,0.0292,1.1007,0.004966667,0.014133333,0.023966667,0.0139,0.0113,37.549,0.004666667,0.001666667,0.020966667,4.4172,0,0.034833333,0,0.249766667,0.0039,0.081166667,0.060366667,0.168766667,0.083766667,0.028666667
3469,0.0425,1.4597,0.0071,0.012433333,0.0232,0.013133333,0.0107,36.01356667,0.0031,0.001166667,0.020633333,4.021733333,0,0.040066667,0,0.246666667,0.005033333,0.071333333,0.029733333,0.1569,0.0718,0.0264
3470,0.0153,1.024066667,0.0073,0.005733333,0.0203,0.013633333,0.0084,38.46683333,0.002866667,0.0015,0.0274,4.636233333,0.0352,0.071733333,0,0.249066667,0.006933333,0.075366667,0.085566667,0.1612,0.058966667,0.0287
3471,0.038366667,0.446266667,0.007033333,0.014766667,0.062366667,0.0155,0.009266667,39.1863,0.003066667,0.0011,0.0234,4.526166667,0.1473,0.066133333,0,0.250866667,0.010366667,0.097933333,0.0625,0.149033333,0.014133333,0.0264
3472,0.0363,0.531966667,0.005733333,0.005933333,0.054666667,0.0149,0.009366667,38.51863333,0.003833333,0.0009,0.0209,4.822433333,0.2113,0.060466667,0,0.2479,0.014833333,0.0958,0.030866667,0.1604,0.073333333,0.0387
3486,0.0357,0.6613,0.006366667,0.015333333,0.043433333,0.0136,0.008333333,37.94786667,0.002766667,0.001033333,0.0116,5.267333333,0.123566667,0.047166667,0,0.2487,0.0061,0.084466667,0.0628,0.1368,0.060633333,0.044633333
3487,0.0358,1.002533333,0.006033333,0.0289,0.044233333,0.014833333,0.0118,36.24663333,0.004866667,0.001366667,0.014266667,4.3089,0,0.052766667,0,0.245,0.004233333,0.104866667,0.054233333,0.120866667,0.038966667,0.026533333
3502,0.009333333,0.094633333,0.004966667,0.002566667,0.007533333,0.0205,0.0339,34.8913,0.003266667,0.000466667,0.075333333,1.064,0,0.017333333,0.003666667,0.246766667,0.011933333,0.0238,0,0.0795,0.030166667,0.036466667
3504,0.0138,0.294566667,0.0037,0.0183,0.023733333,0.0257,0.005933333,36.71626667,0.002433333,0.001,0.0091,4.043666667,0.152266667,0.019066667,0,0.226033333,0.0135,0.066166667,0.0599,0.030533333,0.011166667,0.0025
3506,0.0402,0.36245,0.00925,0.01105,0.02985,0.01495,0.02425,24.2844,0.0087,0.00095,0.03,4.68645,0,0.0592,0,0.2613,0.00595,0.1315,0.0513,0.22795,0.09655,0.04855
3519,0.016,0.0933,0.00355,0.00185,0.0078,0.00925,0.03025,30.34315,0.00515,0.0007,0.05395,1.5414,0.20805,0.03065,0,0.251,0.0111,0.01205,0.06635,0.09105,0.04135,0.1144
3536,0.006333333,0.043566667,0.0025,0.0249,0.007466667,0.023366667,0.0091,29.04416667,0.003933333,0.000833333,0.0099,3.208366667,0.167,0.0185,0,0.231833333,0.003966667,0.011233333,0.0406,0.0236,0.0099,0.012166667
3537,0.028733333,0.175266667,0.013833333,0.002866667,0.017533333,0.013333333,0.0505,29.12163333,0.006166667,0.009333333,0.055966667,0.0225,0.119833333,0.0973,0,0.245933333,0.017633333,0.359633333,0.0707,0.1753,0.077666667,0.0385
3612,0.022433333,0.0104,0.004933333,0.009133333,0.128133333,0.0249,0.008833333,36.21246667,0.0049,0.001733333,0.0478,5.573266667,0.0328,0.0943,0,0.245333333,0.018266667,0.184066667,0.001833333,0.141766667,0.037166667,0.028833333
3630,0.020566667,0.315766667,0.003,0.002733333,0.026733333,0.011466667,0.014266667,14.4222,0.017133333,0.000633333,0.024666667,3.0385,0.066166667,0.0211,0.003666667,0.158533333,0.006233333,0.011633333,0.034666667,0.033733333,0.013666667,0.076533333
3719,0.0135,0.100266667,0.0529,0.075933333,0.017066667,0.017533333,0.0142,29.7476,0.003266667,0.000733333,0.0411,2.4193,0.023633333,0.056566667,0,0.2863,0.0447,0.013666667,0.0515,0.138933333,0.0381,0.046466667
3721,0.01255,0.32825,0.00335,0.01775,0.01075,0.02185,0.0097,38.4197,0.0037,0.0008,0.02815,3.7064,0.2049,0.03895,0,0.2427,0.0176,0.0555,0.0462,0.036,0.02655,0.0126
3722,0.020266667,0.924733333,0.003433333,0.023533333,0.020166667,0.0199,0.009466667,36.01086667,0.004533333,0.000366667,0.023233333,4.035,0.206933333,0.033,0,0.232733333,0.026633333,0.039466667,0.086333333,0.0415,0.015066667,0.017033333
3725,0.0125,0.49235,0.00145,0.02495,0.01395,0.01645,0.0089,40.7549,0.0157,0.00065,0.0195,4.31755,0.2117,0.02675,0,0.24225,0.0494,0.05285,0,0.0352,0.0137,0.0278
3735,0.0228,0.6591,0.004133333,0.037066667,0.018966667,0.0114,0.0097,33.17473333,0.020833333,0.000933333,0.0161,4.8826,0.144,0.032066667,0,0.231066667,0.010533333,0.018966667,0.026433333,0.049666667,0.0103,0.038333333
3772,0.016,0.89625,0.0024,0.02235,0.01685,0.0102,0.00495,41.5312,0.0096,0.0011,0.03445,4.40875,0.1833,0.05,0,0.23825,0.0357,0.0585,0.0994,0.02655,0.0085,0.0682
3775,0.0222,0.7395,0.006333333,0.0196,0.005766667,0.014233333,0.010566667,38.866,0.004333333,0.002666667,0.014733333,3.973133333,0.143833333,0.079866667,0,0.239233333,0.025033333,0.057166667,0,0.050833333,0.024166667,0.017966667
3788,0.0162,0.6379,0.023666667,0.017133333,0.027166667,0.013466667,0.003766667,38.19586667,0.008233333,0.004166667,0.0464,4.052633333,0.111966667,0.148133333,0,0.246366667,0.119733333,0.2169,0.061066667,0.253966667,0.0312,0.069833333
3792,0.00635,0.99415,0.04355,0.1961,0.02945,0.01695,0.0178,30.3361,0.0047,0.00125,0.01205,0.82005,0.1167,0.0464,0.0055,0.2818,0.0238,0.0154,0.0341,0.10335,0.0467,0.0551
3816,0.014,0.225566667,0.009033333,0.020033333,0.007766667,0.0086,0.0092,43.3605,0.009666667,0.005066667,2.1393,3.247766667,0.135133333,0.072433333,0.007333333,0.2352,0.063166667,0.126,0.028966667,0.0822,0.021733333,0.008033333
3817,0.03345,0.80185,0.00355,0.04345,0.0181,0.01005,0.0081,33.84405,0.0023,0.00185,0.06725,3.67115,0,0.05615,0,0.2337,0.00425,0.1175,0.07575,0.04585,0.02145,0.0045
3820,0.00465,0.4855,0.00315,0.02165,0.0121,0.01355,0.0049,37.73195,0.00375,0.00085,0.0186,4.22985,0.0849,0.02995,0,0.2349,0.00465,0.1071,0.07925,0.0371,0.0054,0.0116
3821,0.0338,0.4897,0.00675,0.0183,0.0253,0.01015,0.00825,37.28465,0.00335,0.00125,0.02025,4.63745,0.11965,0.0305,0,0.22625,0.01055,0.07795,0.08565,0.0504,0.0128,0.00555
3832,0.01435,0.504,0.0059,0.01885,0.01815,0.0302,0.0085,38.4201,0.003,0.00095,0.0255,4.7002,0.15155,0.0264,0,0.23215,0.01645,0.0844,0.00045,0.0364,0.0158,0.0032
3833,0.012666667,0.408666667,0.004033333,0.013933333,0.010433333,0.017333333,0.010733333,36.74193333,0.003966667,0.0012,0.148266667,3.804766667,0.176933333,0.047166667,0.003666667,0.233733333,0.011266667,0.0688,0.0818,0.0474,0.022766667,0.005
3834,0.013533333,0.798033333,0.006166667,0.007866667,0.011766667,0.014166667,0.0067,40.8152,0.034133333,0.001933333,0.9394,3.809666667,0.279333333,0.1529,0.007333333,0.235766667,0.0879,0.151933333,0.0311,0.037633333,0.012366667,0.003066667
3835,0.010933333,0.1021,0.005366667,0.009533333,0.014333333,0.0109,0.010866667,34.3589,0.0112,0.000666667,0.050933333,3.662633333,0.152266667,0.0275,0,0.229,0.026266667,0.013966667,0.053766667,0.032033333,0.013066667,0.003533333
3836,0.00465,0.4009,0.00125,0.0035,0.00545,0.00295,0.0025,14.448,0.0039,0.0007,0.6471,1.97725,0.09605,0.0125,0.0055,0.1078,0.01445,0.0169,0.03245,0.0095,0.00685,0.00125
3837,0.010966667,0.516833333,0.007933333,0.006433333,0.010633333,0.011466667,0.010866667,39.5573,0.004433333,0.0009,0.0277,4.298333333,0.173633333,0.033066667,0,0.232333333,0.058833333,0.066333333,0.064666667,0.028333333,0.014533333,0.005766667
3838,0.011366667,0.201066667,0.006233333,0.0094,0.0081,0.018366667,0.0178,32.8387,0.0099,0.000833333,0.0526,3.050766667,0.191166667,0.032633333,0,0.222133333,0.017466667,0.026233333,0,0.0214,0.009533333,0.008166667
3853,0.005533333,1.500833333,0.004733333,0.022233333,0.014533333,0.014833333,0.0087,31.61873333,0.009766667,0.0007,0.0344,7.7059,0.225733333,0.017633333,0,0.264366667,0.077833333,0.233033333,0.071433333,0.086633333,0.033166667,0.014766667
3867,0.022133333,0.1803,0.005133333,0.0077,0.029033333,0.0173,0.010966667,36.6322,0.003733333,0.003,0.1001,4.250666667,0.209,0.047466667,0,0.230066667,0.036233333,0.056066667,0.031833333,0.0405,0.011366667,0.005266667
3872,0.0078,0.8274,0.009733333,0.006666667,0.008066667,0.006866667,0.005266667,18.2876,0.0299,0.001333333,10.16753333,1.798433333,0.1089,0.019366667,0.017666667,0.213566667,0.023233333,0.0458,0.012833333,0.0327,0.0141,0.0025
4000,0.0336,1.062966667,0.0071,0.015633333,0.024566667,0.0136,0.009766667,34.66743333,0.0039,0.001133333,0.0331,4.4671,0,0.036633333,0,0.2428,0.004633333,0.060033333,0.078033333,0.1518,0.054366667,0.028333333
